image_path,text_label
./bitmaps_textlabel\Blaues Design\Cache0000.bin_0022.bmp,Blaues Design
./bitmaps_textlabel\Blaues Design\Cache0000.bin_0023.bmp,Blaues Design
./bitmaps_textlabel\Blaues Design\Cache0000.bin_0024.bmp,Blaues Design
./bitmaps_textlabel\Blaues Design\Cache0000.bin_0030.bmp,Blaues Design
./bitmaps_textlabel\Blaues Design\Cache0000.bin_0031.bmp,Blaues Design
./bitmaps_textlabel\Blaues Design\Cache0000.bin_0033.bmp,Blaues Design
./bitmaps_textlabel\Blaues Design\Cache0000.bin_0049.bmp,Blaues Design
./bitmaps_textlabel\Blaues Design\Cache0000.bin_0050.bmp,Blaues Design
./bitmaps_textlabel\Blaues Design\Cache0000.bin_0051.bmp,Blaues Design
./bitmaps_textlabel\Blaues Design\Cache0000.bin_0052.bmp,Blaues Design
./bitmaps_textlabel\Blaues Design\Cache0000.bin_0053.bmp,Blaues Design
./bitmaps_textlabel\Blaues Design\Cache0000.bin_0054.bmp,Blaues Design
./bitmaps_textlabel\Blaues Design\Cache0000.bin_0057.bmp,Blaues Design
./bitmaps_textlabel\Blaues Design\Cache0000.bin_0058.bmp,Blaues Design
./bitmaps_textlabel\Blaues Design\Cache0000.bin_0088.bmp,Blaues Design
./bitmaps_textlabel\Blaues Design\Cache0000.bin_0092.bmp,Blaues Design
./bitmaps_textlabel\Blaues Design\Cache0000.bin_0097.bmp,Blaues Design
./bitmaps_textlabel\Blaues Design\Cache0000.bin_0105.bmp,Blaues Design
./bitmaps_textlabel\Blaues Design\Cache0000.bin_0107.bmp,Blaues Design
./bitmaps_textlabel\Blaues Design\Cache0000.bin_0108.bmp,Blaues Design
./bitmaps_textlabel\Blaues Design\Cache0000.bin_0114.bmp,Blaues Design
./bitmaps_textlabel\Blaues Design\Cache0000.bin_0881.bmp,Blaues Design
./bitmaps_textlabel\Blaues Design\Cache0000.bin_0882.bmp,Blaues Design
./bitmaps_textlabel\Blaues Design\Cache0000.bin_0883.bmp,Blaues Design
./bitmaps_textlabel\Blaues Design\Cache0000.bin_0884.bmp,Blaues Design
./bitmaps_textlabel\Blaues Design\Cache0000.bin_0885.bmp,Blaues Design
./bitmaps_textlabel\Blaues Design\Cache0000.bin_0896.bmp,Blaues Design
./bitmaps_textlabel\Blaues Design\Cache0000.bin_0897.bmp,Blaues Design
./bitmaps_textlabel\Blaues Design\Cache0000.bin_0898.bmp,Blaues Design
./bitmaps_textlabel\Blaues Design\Cache0000.bin_1057.bmp,Blaues Design
./bitmaps_textlabel\Blaues Design\Cache0000.bin_1058.bmp,Blaues Design
./bitmaps_textlabel\Blaues Design\Cache0000.bin_1059.bmp,Blaues Design
./bitmaps_textlabel\Blaues Design\Cache0000.bin_1060.bmp,Blaues Design
./bitmaps_textlabel\Blaues Design\Cache0000.bin_1061.bmp,Blaues Design
./bitmaps_textlabel\Blaues Design\Cache0000.bin_1065.bmp,Blaues Design
./bitmaps_textlabel\Blaues Design\Cache0000.bin_1066.bmp,Blaues Design
./bitmaps_textlabel\Blaues Design\Cache0000.bin_1067.bmp,Blaues Design
./bitmaps_textlabel\Desktopsymbol\Cache0000.bin_0063.bmp,Desktopsymbol
./bitmaps_textlabel\Desktopsymbol\Cache0000.bin_0064.bmp,Desktopsymbol
./bitmaps_textlabel\Desktopsymbol\Cache0000.bin_0109.bmp,Desktopsymbol
./bitmaps_textlabel\Desktopsymbol\Cache0000.bin_0110.bmp,Desktopsymbol
./bitmaps_textlabel\Desktopsymbol\Cache0000.bin_0111.bmp,Desktopsymbol
./bitmaps_textlabel\Desktopsymbol\Cache0000.bin_0112.bmp,Desktopsymbol
./bitmaps_textlabel\Desktopsymbol\Cache0000.bin_0113.bmp,Desktopsymbol
./bitmaps_textlabel\Desktopsymbol\Cache0000.bin_0128.bmp,Desktopsymbol
./bitmaps_textlabel\Desktopsymbol\Cache0000.bin_0131.bmp,Desktopsymbol
./bitmaps_textlabel\Desktopsymbol\Cache0000.bin_0140.bmp,Desktopsymbol
./bitmaps_textlabel\Desktopsymbol\Cache0000.bin_0164.bmp,Desktopsymbol
./bitmaps_textlabel\Desktopsymbol\Cache0000.bin_0165.bmp,Desktopsymbol
./bitmaps_textlabel\Desktopsymbol\Cache0000.bin_0166.bmp,Desktopsymbol
./bitmaps_textlabel\Desktopsymbol\Cache0000.bin_0167.bmp,Desktopsymbol
./bitmaps_textlabel\Desktopsymbol\Cache0000.bin_0168.bmp,Desktopsymbol
./bitmaps_textlabel\Desktopsymbol\Cache0000.bin_0169.bmp,Desktopsymbol
./bitmaps_textlabel\Desktopsymbol\Cache0000.bin_0375.bmp,Desktopsymbol
./bitmaps_textlabel\Desktopsymbol\Cache0000.bin_0378.bmp,Desktopsymbol
./bitmaps_textlabel\Desktopsymbol\Cache0000.bin_0379.bmp,Desktopsymbol
./bitmaps_textlabel\Desktopsymbol\Cache0000.bin_0395.bmp,Desktopsymbol
./bitmaps_textlabel\Desktopsymbol\Cache0000.bin_0396.bmp,Desktopsymbol
./bitmaps_textlabel\Desktopsymbol\Cache0000.bin_0404.bmp,Desktopsymbol
./bitmaps_textlabel\Desktopsymbol\Cache0000.bin_0405.bmp,Desktopsymbol
./bitmaps_textlabel\Desktopsymbol\Cache0000.bin_0427.bmp,Desktopsymbol
./bitmaps_textlabel\Desktopsymbol\Cache0000.bin_0428.bmp,Desktopsymbol
./bitmaps_textlabel\Desktopsymbol\Cache0000.bin_0429.bmp,Desktopsymbol
./bitmaps_textlabel\Desktopsymbol\Cache0000.bin_0430.bmp,Desktopsymbol
./bitmaps_textlabel\Desktopsymbol\Cache0000.bin_0431.bmp,Desktopsymbol
./bitmaps_textlabel\Desktopsymbol\Cache0000.bin_0432.bmp,Desktopsymbol
./bitmaps_textlabel\Desktopsymbol\Cache0000.bin_0433.bmp,Desktopsymbol
./bitmaps_textlabel\Desktopsymbol\Cache0000.bin_0441.bmp,Desktopsymbol
./bitmaps_textlabel\Desktopsymbol\Cache0000.bin_0442.bmp,Desktopsymbol
./bitmaps_textlabel\Desktopsymbol\Cache0000.bin_0443.bmp,Desktopsymbol
./bitmaps_textlabel\Desktopsymbol\Cache0000.bin_0445.bmp,Desktopsymbol
./bitmaps_textlabel\Desktopsymbol\Cache0000.bin_0447.bmp,Desktopsymbol
./bitmaps_textlabel\Desktopsymbol\Cache0000.bin_0449.bmp,Desktopsymbol
./bitmaps_textlabel\Desktopsymbol\Cache0000.bin_0450.bmp,Desktopsymbol
./bitmaps_textlabel\Desktopsymbol\Cache0000.bin_0452.bmp,Desktopsymbol
./bitmaps_textlabel\Desktopsymbol\Cache0000.bin_0454.bmp,Desktopsymbol
./bitmaps_textlabel\Desktopsymbol\Cache0000.bin_0456.bmp,Desktopsymbol
./bitmaps_textlabel\Desktopsymbol\Cache0000.bin_0457.bmp,Desktopsymbol
./bitmaps_textlabel\Desktopsymbol\Cache0000.bin_0459.bmp,Desktopsymbol
./bitmaps_textlabel\Desktopsymbol\Cache0000.bin_0461.bmp,Desktopsymbol
./bitmaps_textlabel\Desktopsymbol\Cache0000.bin_0463.bmp,Desktopsymbol
./bitmaps_textlabel\Desktopsymbol\Cache0000.bin_0464.bmp,Desktopsymbol
./bitmaps_textlabel\Desktopsymbol\Cache0000.bin_0465.bmp,Desktopsymbol
./bitmaps_textlabel\Desktopsymbol\Cache0000.bin_0466.bmp,Desktopsymbol
./bitmaps_textlabel\Desktopsymbol\Cache0000.bin_0468.bmp,Desktopsymbol
./bitmaps_textlabel\Desktopsymbol\Cache0000.bin_0469.bmp,Desktopsymbol
./bitmaps_textlabel\Desktopsymbol\Cache0000.bin_0471.bmp,Desktopsymbol
./bitmaps_textlabel\Desktopsymbol\Cache0000.bin_0472.bmp,Desktopsymbol
./bitmaps_textlabel\Desktopsymbol\Cache0000.bin_0473.bmp,Desktopsymbol
./bitmaps_textlabel\Desktopsymbol\Cache0000.bin_0474.bmp,Desktopsymbol
./bitmaps_textlabel\Desktopsymbol\Cache0000.bin_0475.bmp,Desktopsymbol
./bitmaps_textlabel\Desktopsymbol\Cache0000.bin_0476.bmp,Desktopsymbol
./bitmaps_textlabel\Desktopsymbol\Cache0000.bin_0478.bmp,Desktopsymbol
./bitmaps_textlabel\Desktopsymbol\Cache0000.bin_0479.bmp,Desktopsymbol
./bitmaps_textlabel\Desktopsymbol\Cache0000.bin_0480.bmp,Desktopsymbol
./bitmaps_textlabel\Desktopsymbol\Cache0000.bin_0481.bmp,Desktopsymbol
./bitmaps_textlabel\Desktopsymbol\Cache0000.bin_0482.bmp,Desktopsymbol
./bitmaps_textlabel\Desktopsymbol\Cache0000.bin_0483.bmp,Desktopsymbol
./bitmaps_textlabel\Desktopsymbol\Cache0000.bin_0484.bmp,Desktopsymbol
./bitmaps_textlabel\Desktopsymbol\Cache0000.bin_0485.bmp,Desktopsymbol
./bitmaps_textlabel\Desktopsymbol\Cache0000.bin_0487.bmp,Desktopsymbol
./bitmaps_textlabel\Desktopsymbol\Cache0000.bin_0489.bmp,Desktopsymbol
./bitmaps_textlabel\Desktopsymbol\Cache0000.bin_0490.bmp,Desktopsymbol
./bitmaps_textlabel\Desktopsymbol\Cache0000.bin_0491.bmp,Desktopsymbol
./bitmaps_textlabel\Desktopsymbol\Cache0000.bin_0492.bmp,Desktopsymbol
./bitmaps_textlabel\Desktopsymbol\Cache0000.bin_0493.bmp,Desktopsymbol
./bitmaps_textlabel\Desktopsymbol\Cache0000.bin_0494.bmp,Desktopsymbol
./bitmaps_textlabel\Desktopsymbol\Cache0000.bin_0496.bmp,Desktopsymbol
./bitmaps_textlabel\Desktopsymbol\Cache0000.bin_0498.bmp,Desktopsymbol
./bitmaps_textlabel\Desktopsymbol\Cache0000.bin_0499.bmp,Desktopsymbol
./bitmaps_textlabel\Desktopsymbol\Cache0000.bin_0500.bmp,Desktopsymbol
./bitmaps_textlabel\Desktopsymbol\Cache0000.bin_0501.bmp,Desktopsymbol
./bitmaps_textlabel\Desktopsymbol\Cache0000.bin_0502.bmp,Desktopsymbol
./bitmaps_textlabel\Desktopsymbol\Cache0000.bin_0503.bmp,Desktopsymbol
./bitmaps_textlabel\Desktopsymbol\Cache0000.bin_0505.bmp,Desktopsymbol
./bitmaps_textlabel\Desktopsymbol\Cache0000.bin_0507.bmp,Desktopsymbol
./bitmaps_textlabel\Desktopsymbol\Cache0000.bin_0508.bmp,Desktopsymbol
./bitmaps_textlabel\Desktopsymbol\Cache0000.bin_0509.bmp,Desktopsymbol
./bitmaps_textlabel\Desktopsymbol\Cache0000.bin_0510.bmp,Desktopsymbol
./bitmaps_textlabel\Desktopsymbol\Cache0000.bin_0512.bmp,Desktopsymbol
./bitmaps_textlabel\Desktopsymbol\Cache0000.bin_0514.bmp,Desktopsymbol
./bitmaps_textlabel\Desktopsymbol\Cache0000.bin_0516.bmp,Desktopsymbol
./bitmaps_textlabel\Desktopsymbol\Cache0000.bin_0517.bmp,Desktopsymbol
./bitmaps_textlabel\Desktopsymbol\Cache0000.bin_0518.bmp,Desktopsymbol
./bitmaps_textlabel\Desktopsymbol\Cache0000.bin_0519.bmp,Desktopsymbol
./bitmaps_textlabel\Desktopsymbol\Cache0000.bin_0520.bmp,Desktopsymbol
./bitmaps_textlabel\Desktopsymbol\Cache0000.bin_0521.bmp,Desktopsymbol
./bitmaps_textlabel\Desktopsymbol\Cache0000.bin_0523.bmp,Desktopsymbol
./bitmaps_textlabel\Desktopsymbol\Cache0000.bin_0525.bmp,Desktopsymbol
./bitmaps_textlabel\Desktopsymbol\Cache0000.bin_0526.bmp,Desktopsymbol
./bitmaps_textlabel\Desktopsymbol\Cache0000.bin_0527.bmp,Desktopsymbol
./bitmaps_textlabel\Desktopsymbol\Cache0000.bin_0532.bmp,Desktopsymbol
./bitmaps_textlabel\Desktopsymbol\Cache0000.bin_0534.bmp,Desktopsymbol
./bitmaps_textlabel\Desktopsymbol\Cache0000.bin_0535.bmp,Desktopsymbol
./bitmaps_textlabel\Desktopsymbol\Cache0000.bin_0536.bmp,Desktopsymbol
./bitmaps_textlabel\Desktopsymbol\Cache0000.bin_0537.bmp,Desktopsymbol
./bitmaps_textlabel\Desktopsymbol\Cache0000.bin_0538.bmp,Desktopsymbol
./bitmaps_textlabel\Desktopsymbol\Cache0000.bin_0539.bmp,Desktopsymbol
./bitmaps_textlabel\Desktopsymbol\Cache0000.bin_0541.bmp,Desktopsymbol
./bitmaps_textlabel\Desktopsymbol\Cache0000.bin_0542.bmp,Desktopsymbol
./bitmaps_textlabel\Desktopsymbol\Cache0000.bin_0543.bmp,Desktopsymbol
./bitmaps_textlabel\Desktopsymbol\Cache0000.bin_0551.bmp,Desktopsymbol
./bitmaps_textlabel\Desktopsymbol\Cache0000.bin_0552.bmp,Desktopsymbol
./bitmaps_textlabel\Desktopsymbol\Cache0000.bin_0553.bmp,Desktopsymbol
./bitmaps_textlabel\Desktopsymbol\Cache0000.bin_0555.bmp,Desktopsymbol
./bitmaps_textlabel\Desktopsymbol\Cache0000.bin_0557.bmp,Desktopsymbol
./bitmaps_textlabel\Desktopsymbol\Cache0000.bin_0558.bmp,Desktopsymbol
./bitmaps_textlabel\Desktopsymbol\Cache0000.bin_0559.bmp,Desktopsymbol
./bitmaps_textlabel\Desktopsymbol\Cache0000.bin_0560.bmp,Desktopsymbol
./bitmaps_textlabel\Desktopsymbol\Cache0000.bin_0581.bmp,Desktopsymbol
./bitmaps_textlabel\Desktopsymbol\Cache0000.bin_0582.bmp,Desktopsymbol
./bitmaps_textlabel\Desktopsymbol\Cache0000.bin_0583.bmp,Desktopsymbol
./bitmaps_textlabel\Desktopsymbol\Cache0000.bin_0584.bmp,Desktopsymbol
./bitmaps_textlabel\Desktopsymbol\Cache0000.bin_0585.bmp,Desktopsymbol
./bitmaps_textlabel\Desktopsymbol\Cache0000.bin_0586.bmp,Desktopsymbol
./bitmaps_textlabel\Desktopsymbol\Cache0000.bin_0587.bmp,Desktopsymbol
./bitmaps_textlabel\Desktopsymbol\Cache0000.bin_0588.bmp,Desktopsymbol
./bitmaps_textlabel\Desktopsymbol\Cache0000.bin_0589.bmp,Desktopsymbol
./bitmaps_textlabel\Desktopsymbol\Cache0000.bin_0590.bmp,Desktopsymbol
./bitmaps_textlabel\Desktopsymbol\Cache0000.bin_0591.bmp,Desktopsymbol
./bitmaps_textlabel\Desktopsymbol\Cache0000.bin_0592.bmp,Desktopsymbol
./bitmaps_textlabel\Desktopsymbol\Cache0000.bin_0604.bmp,Desktopsymbol
./bitmaps_textlabel\Desktopsymbol\Cache0000.bin_0608.bmp,Desktopsymbol
./bitmaps_textlabel\Desktopsymbol\Cache0000.bin_0609.bmp,Desktopsymbol
./bitmaps_textlabel\Desktopsymbol\Cache0000.bin_0610.bmp,Desktopsymbol
./bitmaps_textlabel\Desktopsymbol\Cache0000.bin_0611.bmp,Desktopsymbol
./bitmaps_textlabel\Desktopsymbol\Cache0000.bin_0612.bmp,Desktopsymbol
./bitmaps_textlabel\Desktopsymbol\Cache0000.bin_0613.bmp,Desktopsymbol
./bitmaps_textlabel\Desktopsymbol\Cache0000.bin_0614.bmp,Desktopsymbol
./bitmaps_textlabel\Desktopsymbol\Cache0000.bin_0615.bmp,Desktopsymbol
./bitmaps_textlabel\Desktopsymbol\Cache0000.bin_0616.bmp,Desktopsymbol
./bitmaps_textlabel\Desktopsymbol\Cache0000.bin_0617.bmp,Desktopsymbol
./bitmaps_textlabel\Desktopsymbol\Cache0000.bin_0618.bmp,Desktopsymbol
./bitmaps_textlabel\Desktopsymbol\Cache0000.bin_0620.bmp,Desktopsymbol
./bitmaps_textlabel\Desktopsymbol\Cache0000.bin_0621.bmp,Desktopsymbol
./bitmaps_textlabel\Desktopsymbol\Cache0000.bin_0622.bmp,Desktopsymbol
./bitmaps_textlabel\Desktopsymbol\Cache0000.bin_0623.bmp,Desktopsymbol
./bitmaps_textlabel\Desktopsymbol\Cache0000.bin_0624.bmp,Desktopsymbol
./bitmaps_textlabel\Desktopsymbol\Cache0000.bin_0625.bmp,Desktopsymbol
./bitmaps_textlabel\Desktopsymbol\Cache0000.bin_0630.bmp,Desktopsymbol
./bitmaps_textlabel\Desktopsymbol\Cache0000.bin_0631.bmp,Desktopsymbol
./bitmaps_textlabel\Desktopsymbol\Cache0000.bin_0632.bmp,Desktopsymbol
./bitmaps_textlabel\Desktopsymbol\Cache0000.bin_0638.bmp,Desktopsymbol
./bitmaps_textlabel\Desktopsymbol\Cache0000.bin_0639.bmp,Desktopsymbol
./bitmaps_textlabel\Desktopsymbol\Cache0000.bin_0666.bmp,Desktopsymbol
./bitmaps_textlabel\Desktopsymbol\Cache0000.bin_0667.bmp,Desktopsymbol
./bitmaps_textlabel\Desktopsymbol\Cache0000.bin_0668.bmp,Desktopsymbol
./bitmaps_textlabel\Desktopsymbol\Cache0000.bin_0669.bmp,Desktopsymbol
./bitmaps_textlabel\Desktopsymbol\Cache0000.bin_0670.bmp,Desktopsymbol
./bitmaps_textlabel\Desktopsymbol\Cache0000.bin_0693.bmp,Desktopsymbol
./bitmaps_textlabel\Desktopsymbol\Cache0000.bin_0697.bmp,Desktopsymbol
./bitmaps_textlabel\Desktopsymbol\Cache0000.bin_0700.bmp,Desktopsymbol
./bitmaps_textlabel\Desktopsymbol\Cache0000.bin_0701.bmp,Desktopsymbol
./bitmaps_textlabel\Desktopsymbol\Cache0000.bin_0703.bmp,Desktopsymbol
./bitmaps_textlabel\Desktopsymbol\Cache0000.bin_0704.bmp,Desktopsymbol
./bitmaps_textlabel\Desktopsymbol\Cache0000.bin_0705.bmp,Desktopsymbol
./bitmaps_textlabel\Desktopsymbol\Cache0000.bin_0707.bmp,Desktopsymbol
./bitmaps_textlabel\Desktopsymbol\Cache0000.bin_0708.bmp,Desktopsymbol
./bitmaps_textlabel\Desktopsymbol\Cache0000.bin_0714.bmp,Desktopsymbol
./bitmaps_textlabel\Desktopsymbol\Cache0000.bin_0715.bmp,Desktopsymbol
./bitmaps_textlabel\Desktopsymbol\Cache0000.bin_0724.bmp,Desktopsymbol
./bitmaps_textlabel\Desktopsymbol\Cache0000.bin_0725.bmp,Desktopsymbol
./bitmaps_textlabel\Desktopsymbol\Cache0000.bin_0726.bmp,Desktopsymbol
./bitmaps_textlabel\Desktopsymbol\Cache0000.bin_0728.bmp,Desktopsymbol
./bitmaps_textlabel\Desktopsymbol\Cache0000.bin_0729.bmp,Desktopsymbol
./bitmaps_textlabel\Desktopsymbol\Cache0000.bin_0730.bmp,Desktopsymbol
./bitmaps_textlabel\Desktopsymbol\Cache0000.bin_0747.bmp,Desktopsymbol
./bitmaps_textlabel\Desktopsymbol\Cache0000.bin_0755.bmp,Desktopsymbol
./bitmaps_textlabel\Desktopsymbol\Cache0000.bin_0756.bmp,Desktopsymbol
./bitmaps_textlabel\Desktopsymbol\Cache0000.bin_0757.bmp,Desktopsymbol
./bitmaps_textlabel\Desktopsymbol\Cache0000.bin_0758.bmp,Desktopsymbol
./bitmaps_textlabel\Desktopsymbol\Cache0000.bin_0759.bmp,Desktopsymbol
./bitmaps_textlabel\Desktopsymbol\Cache0000.bin_0760.bmp,Desktopsymbol
./bitmaps_textlabel\Desktopsymbol\Cache0000.bin_0775.bmp,Desktopsymbol
./bitmaps_textlabel\Desktopsymbol\Cache0000.bin_0797.bmp,Desktopsymbol
./bitmaps_textlabel\Desktopsymbol\Cache0000.bin_0798.bmp,Desktopsymbol
./bitmaps_textlabel\Desktopsymbol\Cache0000.bin_0820.bmp,Desktopsymbol
./bitmaps_textlabel\Desktopsymbol\Cache0000.bin_0852.bmp,Desktopsymbol
./bitmaps_textlabel\Desktopsymbol\Cache0000.bin_0864.bmp,Desktopsymbol
./bitmaps_textlabel\Desktopsymbol\Cache0000.bin_0887.bmp,Desktopsymbol
./bitmaps_textlabel\Desktopsymbol\Cache0000.bin_0888.bmp,Desktopsymbol
./bitmaps_textlabel\Desktopsymbol\Cache0000.bin_0889.bmp,Desktopsymbol
./bitmaps_textlabel\Desktopsymbol\Cache0000.bin_0902.bmp,Desktopsymbol
./bitmaps_textlabel\Desktopsymbol\Cache0000.bin_0903.bmp,Desktopsymbol
./bitmaps_textlabel\Desktopsymbol\Cache0000.bin_0937.bmp,Desktopsymbol
./bitmaps_textlabel\Desktopsymbol\Cache0000.bin_0970.bmp,Desktopsymbol
./bitmaps_textlabel\Desktopsymbol\Cache0000.bin_1023.bmp,Desktopsymbol
./bitmaps_textlabel\Desktopsymbol\Cache0000.bin_1048.bmp,Desktopsymbol
./bitmaps_textlabel\Desktopsymbol\Cache0000.bin_1064.bmp,Desktopsymbol
./bitmaps_textlabel\Desktopsymbol\Cache0000.bin_1071.bmp,Desktopsymbol
./bitmaps_textlabel\Desktopsymbol\Cache0000.bin_1072.bmp,Desktopsymbol
./bitmaps_textlabel\Desktopsymbol\Cache0000.bin_1086.bmp,Desktopsymbol
./bitmaps_textlabel\Desktopsymbol\Cache0000.bin_1092.bmp,Desktopsymbol
./bitmaps_textlabel\Desktopsymbol\Cache0000.bin_1093.bmp,Desktopsymbol
./bitmaps_textlabel\Desktopsymbol\Cache0000.bin_1101.bmp,Desktopsymbol
./bitmaps_textlabel\Desktopsymbol\Cache0000.bin_1102.bmp,Desktopsymbol
./bitmaps_textlabel\Desktopsymbol\Cache0000.bin_1103.bmp,Desktopsymbol
./bitmaps_textlabel\Desktopsymbol\Cache0000.bin_1106.bmp,Desktopsymbol
./bitmaps_textlabel\Desktopsymbol\Cache0000.bin_1107.bmp,Desktopsymbol
./bitmaps_textlabel\Desktopsymbol\Cache0000.bin_1109.bmp,Desktopsymbol
./bitmaps_textlabel\Desktopsymbol\Cache0000.bin_1110.bmp,Desktopsymbol
./bitmaps_textlabel\Desktopsymbol\Cache0000.bin_1111.bmp,Desktopsymbol
./bitmaps_textlabel\Desktopsymbol\Cache0000.bin_1112.bmp,Desktopsymbol
./bitmaps_textlabel\Desktopsymbol\Cache0000.bin_1113.bmp,Desktopsymbol
./bitmaps_textlabel\Desktopsymbol\Cache0000.bin_1114.bmp,Desktopsymbol
./bitmaps_textlabel\Desktopsymbol\Cache0000.bin_1115.bmp,Desktopsymbol
./bitmaps_textlabel\Desktopsymbol\Cache0000.bin_1116.bmp,Desktopsymbol
./bitmaps_textlabel\Desktopsymbol\Cache0000.bin_1119.bmp,Desktopsymbol
./bitmaps_textlabel\Desktopsymbol\Cache0000.bin_1144.bmp,Desktopsymbol
./bitmaps_textlabel\Desktopsymbol\Cache0000.bin_1190.bmp,Desktopsymbol
./bitmaps_textlabel\Desktopsymbol\Cache0000.bin_1191.bmp,Desktopsymbol
./bitmaps_textlabel\Desktopsymbol\Cache0000.bin_1192.bmp,Desktopsymbol
./bitmaps_textlabel\Desktopsymbol\Cache0000.bin_1193.bmp,Desktopsymbol
./bitmaps_textlabel\Desktopsymbol\Cache0000.bin_1201.bmp,Desktopsymbol
./bitmaps_textlabel\Desktopsymbol\Cache0000.bin_1202.bmp,Desktopsymbol
./bitmaps_textlabel\Desktopsymbol\Cache0000.bin_1203.bmp,Desktopsymbol
./bitmaps_textlabel\Desktopsymbol\Cache0000.bin_1204.bmp,Desktopsymbol
./bitmaps_textlabel\Desktopsymbol\Cache0000.bin_1205.bmp,Desktopsymbol
./bitmaps_textlabel\Desktopsymbol\Cache0000.bin_1206.bmp,Desktopsymbol
./bitmaps_textlabel\Desktopsymbol\Cache0000.bin_1207.bmp,Desktopsymbol
./bitmaps_textlabel\Desktopsymbol\Cache0000.bin_1208.bmp,Desktopsymbol
./bitmaps_textlabel\Desktopsymbol\Cache0000.bin_1209.bmp,Desktopsymbol
./bitmaps_textlabel\Dunkles Design\Cache0000.bin_0000.bmp,Dunkles Design
./bitmaps_textlabel\Dunkles Design\Cache0000.bin_0001.bmp,Dunkles Design
./bitmaps_textlabel\Dunkles Design\Cache0000.bin_0002.bmp,Dunkles Design
./bitmaps_textlabel\Dunkles Design\Cache0000.bin_0003.bmp,Dunkles Design
./bitmaps_textlabel\Dunkles Design\Cache0000.bin_0004.bmp,Dunkles Design
./bitmaps_textlabel\Dunkles Design\Cache0000.bin_0005.bmp,Dunkles Design
./bitmaps_textlabel\Dunkles Design\Cache0000.bin_0006.bmp,Dunkles Design
./bitmaps_textlabel\Dunkles Design\Cache0000.bin_0007.bmp,Dunkles Design
./bitmaps_textlabel\Dunkles Design\Cache0000.bin_0008.bmp,Dunkles Design
./bitmaps_textlabel\Dunkles Design\Cache0000.bin_0009.bmp,Dunkles Design
./bitmaps_textlabel\Dunkles Design\Cache0000.bin_0010.bmp,Dunkles Design
./bitmaps_textlabel\Dunkles Design\Cache0000.bin_0011.bmp,Dunkles Design
./bitmaps_textlabel\Dunkles Design\Cache0000.bin_0012.bmp,Dunkles Design
./bitmaps_textlabel\Dunkles Design\Cache0000.bin_0013.bmp,Dunkles Design
./bitmaps_textlabel\Dunkles Design\Cache0000.bin_0014.bmp,Dunkles Design
./bitmaps_textlabel\Dunkles Design\Cache0000.bin_0015.bmp,Dunkles Design
./bitmaps_textlabel\Dunkles Design\Cache0000.bin_0016.bmp,Dunkles Design
./bitmaps_textlabel\Dunkles Design\Cache0000.bin_0017.bmp,Dunkles Design
./bitmaps_textlabel\Dunkles Design\Cache0000.bin_0018.bmp,Dunkles Design
./bitmaps_textlabel\Dunkles Design\Cache0000.bin_0019.bmp,Dunkles Design
./bitmaps_textlabel\Dunkles Design\Cache0000.bin_0020.bmp,Dunkles Design
./bitmaps_textlabel\Dunkles Design\Cache0000.bin_0021.bmp,Dunkles Design
./bitmaps_textlabel\Dunkles Design\Cache0000.bin_0025.bmp,Dunkles Design
./bitmaps_textlabel\Dunkles Design\Cache0000.bin_0026.bmp,Dunkles Design
./bitmaps_textlabel\Dunkles Design\Cache0000.bin_0027.bmp,Dunkles Design
./bitmaps_textlabel\Dunkles Design\Cache0000.bin_0028.bmp,Dunkles Design
./bitmaps_textlabel\Dunkles Design\Cache0000.bin_0029.bmp,Dunkles Design
./bitmaps_textlabel\Dunkles Design\Cache0000.bin_0032.bmp,Dunkles Design
./bitmaps_textlabel\Dunkles Design\Cache0000.bin_0034.bmp,Dunkles Design
./bitmaps_textlabel\Dunkles Design\Cache0000.bin_0035.bmp,Dunkles Design
./bitmaps_textlabel\Dunkles Design\Cache0000.bin_0048.bmp,Dunkles Design
./bitmaps_textlabel\Dunkles Design\Cache0000.bin_0059.bmp,Dunkles Design
./bitmaps_textlabel\Dunkles Design\Cache0000.bin_0060.bmp,Dunkles Design
./bitmaps_textlabel\Dunkles Design\Cache0000.bin_0061.bmp,Dunkles Design
./bitmaps_textlabel\Dunkles Design\Cache0000.bin_0062.bmp,Dunkles Design
./bitmaps_textlabel\Dunkles Design\Cache0000.bin_0065.bmp,Dunkles Design
./bitmaps_textlabel\Dunkles Design\Cache0000.bin_0076.bmp,Dunkles Design
./bitmaps_textlabel\Dunkles Design\Cache0000.bin_0077.bmp,Dunkles Design
./bitmaps_textlabel\Dunkles Design\Cache0000.bin_0078.bmp,Dunkles Design
./bitmaps_textlabel\Dunkles Design\Cache0000.bin_0079.bmp,Dunkles Design
./bitmaps_textlabel\Dunkles Design\Cache0000.bin_0080.bmp,Dunkles Design
./bitmaps_textlabel\Dunkles Design\Cache0000.bin_0081.bmp,Dunkles Design
./bitmaps_textlabel\Dunkles Design\Cache0000.bin_0082.bmp,Dunkles Design
./bitmaps_textlabel\Dunkles Design\Cache0000.bin_0083.bmp,Dunkles Design
./bitmaps_textlabel\Dunkles Design\Cache0000.bin_0084.bmp,Dunkles Design
./bitmaps_textlabel\Dunkles Design\Cache0000.bin_0115.bmp,Dunkles Design
./bitmaps_textlabel\Dunkles Design\Cache0000.bin_0116.bmp,Dunkles Design
./bitmaps_textlabel\Dunkles Design\Cache0000.bin_0117.bmp,Dunkles Design
./bitmaps_textlabel\Dunkles Design\Cache0000.bin_0118.bmp,Dunkles Design
./bitmaps_textlabel\Dunkles Design\Cache0000.bin_0127.bmp,Dunkles Design
./bitmaps_textlabel\Dunkles Design\Cache0000.bin_0129.bmp,Dunkles Design
./bitmaps_textlabel\Dunkles Design\Cache0000.bin_0130.bmp,Dunkles Design
./bitmaps_textlabel\Dunkles Design\Cache0000.bin_0139.bmp,Dunkles Design
./bitmaps_textlabel\Dunkles Design\Cache0000.bin_0152.bmp,Dunkles Design
./bitmaps_textlabel\Dunkles Design\Cache0000.bin_0153.bmp,Dunkles Design
./bitmaps_textlabel\Dunkles Design\Cache0000.bin_0154.bmp,Dunkles Design
./bitmaps_textlabel\Dunkles Design\Cache0000.bin_0155.bmp,Dunkles Design
./bitmaps_textlabel\Dunkles Design\Cache0000.bin_0158.bmp,Dunkles Design
./bitmaps_textlabel\Dunkles Design\Cache0000.bin_0159.bmp,Dunkles Design
./bitmaps_textlabel\Dunkles Design\Cache0000.bin_0170.bmp,Dunkles Design
./bitmaps_textlabel\Dunkles Design\Cache0000.bin_0171.bmp,Dunkles Design
./bitmaps_textlabel\Dunkles Design\Cache0000.bin_0177.bmp,Dunkles Design
./bitmaps_textlabel\Dunkles Design\Cache0000.bin_0178.bmp,Dunkles Design
./bitmaps_textlabel\Dunkles Design\Cache0000.bin_0179.bmp,Dunkles Design
./bitmaps_textlabel\Dunkles Design\Cache0000.bin_0187.bmp,Dunkles Design
./bitmaps_textlabel\Dunkles Design\Cache0000.bin_0188.bmp,Dunkles Design
./bitmaps_textlabel\Dunkles Design\Cache0000.bin_0202.bmp,Dunkles Design
./bitmaps_textlabel\Dunkles Design\Cache0000.bin_0203.bmp,Dunkles Design
./bitmaps_textlabel\Dunkles Design\Cache0000.bin_0217.bmp,Dunkles Design
./bitmaps_textlabel\Dunkles Design\Cache0000.bin_0233.bmp,Dunkles Design
./bitmaps_textlabel\Dunkles Design\Cache0000.bin_0234.bmp,Dunkles Design
./bitmaps_textlabel\Dunkles Design\Cache0000.bin_0235.bmp,Dunkles Design
./bitmaps_textlabel\Dunkles Design\Cache0000.bin_0239.bmp,Dunkles Design
./bitmaps_textlabel\Dunkles Design\Cache0000.bin_0240.bmp,Dunkles Design
./bitmaps_textlabel\Dunkles Design\Cache0000.bin_0241.bmp,Dunkles Design
./bitmaps_textlabel\Dunkles Design\Cache0000.bin_0242.bmp,Dunkles Design
./bitmaps_textlabel\Dunkles Design\Cache0000.bin_0246.bmp,Dunkles Design
./bitmaps_textlabel\Dunkles Design\Cache0000.bin_0247.bmp,Dunkles Design
./bitmaps_textlabel\Dunkles Design\Cache0000.bin_0248.bmp,Dunkles Design
./bitmaps_textlabel\Dunkles Design\Cache0000.bin_0249.bmp,Dunkles Design
./bitmaps_textlabel\Dunkles Design\Cache0000.bin_0250.bmp,Dunkles Design
./bitmaps_textlabel\Dunkles Design\Cache0000.bin_0275.bmp,Dunkles Design
./bitmaps_textlabel\Dunkles Design\Cache0000.bin_0276.bmp,Dunkles Design
./bitmaps_textlabel\Dunkles Design\Cache0000.bin_0291.bmp,Dunkles Design
./bitmaps_textlabel\Dunkles Design\Cache0000.bin_0292.bmp,Dunkles Design
./bitmaps_textlabel\Dunkles Design\Cache0000.bin_0298.bmp,Dunkles Design
./bitmaps_textlabel\Dunkles Design\Cache0000.bin_0299.bmp,Dunkles Design
./bitmaps_textlabel\Dunkles Design\Cache0000.bin_0300.bmp,Dunkles Design
./bitmaps_textlabel\Dunkles Design\Cache0000.bin_0303.bmp,Dunkles Design
./bitmaps_textlabel\Dunkles Design\Cache0000.bin_0304.bmp,Dunkles Design
./bitmaps_textlabel\Dunkles Design\Cache0000.bin_0305.bmp,Dunkles Design
./bitmaps_textlabel\Dunkles Design\Cache0000.bin_0306.bmp,Dunkles Design
./bitmaps_textlabel\Dunkles Design\Cache0000.bin_0307.bmp,Dunkles Design
./bitmaps_textlabel\Dunkles Design\Cache0000.bin_0315.bmp,Dunkles Design
./bitmaps_textlabel\Dunkles Design\Cache0000.bin_0316.bmp,Dunkles Design
./bitmaps_textlabel\Dunkles Design\Cache0000.bin_0317.bmp,Dunkles Design
./bitmaps_textlabel\Dunkles Design\Cache0000.bin_0331.bmp,Dunkles Design
./bitmaps_textlabel\Dunkles Design\Cache0000.bin_0332.bmp,Dunkles Design
./bitmaps_textlabel\Dunkles Design\Cache0000.bin_0333.bmp,Dunkles Design
./bitmaps_textlabel\Dunkles Design\Cache0000.bin_0334.bmp,Dunkles Design
./bitmaps_textlabel\Dunkles Design\Cache0000.bin_0349.bmp,Dunkles Design
./bitmaps_textlabel\Dunkles Design\Cache0000.bin_0350.bmp,Dunkles Design
./bitmaps_textlabel\Dunkles Design\Cache0000.bin_0359.bmp,Dunkles Design
./bitmaps_textlabel\Dunkles Design\Cache0000.bin_0360.bmp,Dunkles Design
./bitmaps_textlabel\Dunkles Design\Cache0000.bin_0361.bmp,Dunkles Design
./bitmaps_textlabel\Dunkles Design\Cache0000.bin_0365.bmp,Dunkles Design
./bitmaps_textlabel\Dunkles Design\Cache0000.bin_0366.bmp,Dunkles Design
./bitmaps_textlabel\Dunkles Design\Cache0000.bin_0367.bmp,Dunkles Design
./bitmaps_textlabel\Dunkles Design\Cache0000.bin_0368.bmp,Dunkles Design
./bitmaps_textlabel\Dunkles Design\Cache0000.bin_0371.bmp,Dunkles Design
./bitmaps_textlabel\Dunkles Design\Cache0000.bin_0380.bmp,Dunkles Design
./bitmaps_textlabel\Dunkles Design\Cache0000.bin_0381.bmp,Dunkles Design
./bitmaps_textlabel\Dunkles Design\Cache0000.bin_0387.bmp,Dunkles Design
./bitmaps_textlabel\Dunkles Design\Cache0000.bin_0388.bmp,Dunkles Design
./bitmaps_textlabel\Dunkles Design\Cache0000.bin_0389.bmp,Dunkles Design
./bitmaps_textlabel\Dunkles Design\Cache0000.bin_0397.bmp,Dunkles Design
./bitmaps_textlabel\Dunkles Design\Cache0000.bin_0403.bmp,Dunkles Design
./bitmaps_textlabel\Dunkles Design\Cache0000.bin_0406.bmp,Dunkles Design
./bitmaps_textlabel\Dunkles Design\Cache0000.bin_0407.bmp,Dunkles Design
./bitmaps_textlabel\Dunkles Design\Cache0000.bin_0408.bmp,Dunkles Design
./bitmaps_textlabel\Dunkles Design\Cache0000.bin_0409.bmp,Dunkles Design
./bitmaps_textlabel\Dunkles Design\Cache0000.bin_0410.bmp,Dunkles Design
./bitmaps_textlabel\Dunkles Design\Cache0000.bin_0418.bmp,Dunkles Design
./bitmaps_textlabel\Dunkles Design\Cache0000.bin_0419.bmp,Dunkles Design
./bitmaps_textlabel\Dunkles Design\Cache0000.bin_0420.bmp,Dunkles Design
./bitmaps_textlabel\Dunkles Design\Cache0000.bin_0424.bmp,Dunkles Design
./bitmaps_textlabel\Dunkles Design\Cache0000.bin_0425.bmp,Dunkles Design
./bitmaps_textlabel\Dunkles Design\Cache0000.bin_0434.bmp,Dunkles Design
./bitmaps_textlabel\Dunkles Design\Cache0000.bin_0438.bmp,Dunkles Design
./bitmaps_textlabel\Dunkles Design\Cache0000.bin_0497.bmp,Dunkles Design
./bitmaps_textlabel\Dunkles Design\Cache0000.bin_0554.bmp,Dunkles Design
./bitmaps_textlabel\Dunkles Design\Cache0000.bin_0556.bmp,Dunkles Design
./bitmaps_textlabel\Dunkles Design\Cache0000.bin_0605.bmp,Dunkles Design
./bitmaps_textlabel\Dunkles Design\Cache0000.bin_0619.bmp,Dunkles Design
./bitmaps_textlabel\Dunkles Design\Cache0000.bin_0629.bmp,Dunkles Design
./bitmaps_textlabel\Dunkles Design\Cache0000.bin_0633.bmp,Dunkles Design
./bitmaps_textlabel\Dunkles Design\Cache0000.bin_0634.bmp,Dunkles Design
./bitmaps_textlabel\Dunkles Design\Cache0000.bin_0641.bmp,Dunkles Design
./bitmaps_textlabel\Dunkles Design\Cache0000.bin_0643.bmp,Dunkles Design
./bitmaps_textlabel\Dunkles Design\Cache0000.bin_0644.bmp,Dunkles Design
./bitmaps_textlabel\Dunkles Design\Cache0000.bin_0645.bmp,Dunkles Design
./bitmaps_textlabel\Dunkles Design\Cache0000.bin_0646.bmp,Dunkles Design
./bitmaps_textlabel\Dunkles Design\Cache0000.bin_0647.bmp,Dunkles Design
./bitmaps_textlabel\Dunkles Design\Cache0000.bin_0648.bmp,Dunkles Design
./bitmaps_textlabel\Dunkles Design\Cache0000.bin_0649.bmp,Dunkles Design
./bitmaps_textlabel\Dunkles Design\Cache0000.bin_0650.bmp,Dunkles Design
./bitmaps_textlabel\Dunkles Design\Cache0000.bin_0651.bmp,Dunkles Design
./bitmaps_textlabel\Dunkles Design\Cache0000.bin_0652.bmp,Dunkles Design
./bitmaps_textlabel\Dunkles Design\Cache0000.bin_0653.bmp,Dunkles Design
./bitmaps_textlabel\Dunkles Design\Cache0000.bin_0654.bmp,Dunkles Design
./bitmaps_textlabel\Dunkles Design\Cache0000.bin_0655.bmp,Dunkles Design
./bitmaps_textlabel\Dunkles Design\Cache0000.bin_0656.bmp,Dunkles Design
./bitmaps_textlabel\Dunkles Design\Cache0000.bin_0657.bmp,Dunkles Design
./bitmaps_textlabel\Dunkles Design\Cache0000.bin_0658.bmp,Dunkles Design
./bitmaps_textlabel\Dunkles Design\Cache0000.bin_0659.bmp,Dunkles Design
./bitmaps_textlabel\Dunkles Design\Cache0000.bin_0660.bmp,Dunkles Design
./bitmaps_textlabel\Dunkles Design\Cache0000.bin_0661.bmp,Dunkles Design
./bitmaps_textlabel\Dunkles Design\Cache0000.bin_0662.bmp,Dunkles Design
./bitmaps_textlabel\Dunkles Design\Cache0000.bin_0663.bmp,Dunkles Design
./bitmaps_textlabel\Dunkles Design\Cache0000.bin_0664.bmp,Dunkles Design
./bitmaps_textlabel\Dunkles Design\Cache0000.bin_0665.bmp,Dunkles Design
./bitmaps_textlabel\Dunkles Design\Cache0000.bin_0678.bmp,Dunkles Design
./bitmaps_textlabel\Dunkles Design\Cache0000.bin_0679.bmp,Dunkles Design
./bitmaps_textlabel\Dunkles Design\Cache0000.bin_0680.bmp,Dunkles Design
./bitmaps_textlabel\Dunkles Design\Cache0000.bin_0681.bmp,Dunkles Design
./bitmaps_textlabel\Dunkles Design\Cache0000.bin_0682.bmp,Dunkles Design
./bitmaps_textlabel\Dunkles Design\Cache0000.bin_0683.bmp,Dunkles Design
./bitmaps_textlabel\Dunkles Design\Cache0000.bin_0684.bmp,Dunkles Design
./bitmaps_textlabel\Dunkles Design\Cache0000.bin_0685.bmp,Dunkles Design
./bitmaps_textlabel\Dunkles Design\Cache0000.bin_0686.bmp,Dunkles Design
./bitmaps_textlabel\Dunkles Design\Cache0000.bin_0687.bmp,Dunkles Design
./bitmaps_textlabel\Dunkles Design\Cache0000.bin_0688.bmp,Dunkles Design
./bitmaps_textlabel\Dunkles Design\Cache0000.bin_0689.bmp,Dunkles Design
./bitmaps_textlabel\Dunkles Design\Cache0000.bin_0690.bmp,Dunkles Design
./bitmaps_textlabel\Dunkles Design\Cache0000.bin_0691.bmp,Dunkles Design
./bitmaps_textlabel\Dunkles Design\Cache0000.bin_0692.bmp,Dunkles Design
./bitmaps_textlabel\Dunkles Design\Cache0000.bin_0694.bmp,Dunkles Design
./bitmaps_textlabel\Dunkles Design\Cache0000.bin_0695.bmp,Dunkles Design
./bitmaps_textlabel\Dunkles Design\Cache0000.bin_0696.bmp,Dunkles Design
./bitmaps_textlabel\Dunkles Design\Cache0000.bin_0698.bmp,Dunkles Design
./bitmaps_textlabel\Dunkles Design\Cache0000.bin_0699.bmp,Dunkles Design
./bitmaps_textlabel\Dunkles Design\Cache0000.bin_0702.bmp,Dunkles Design
./bitmaps_textlabel\Dunkles Design\Cache0000.bin_0706.bmp,Dunkles Design
./bitmaps_textlabel\Dunkles Design\Cache0000.bin_0709.bmp,Dunkles Design
./bitmaps_textlabel\Dunkles Design\Cache0000.bin_0710.bmp,Dunkles Design
./bitmaps_textlabel\Dunkles Design\Cache0000.bin_0711.bmp,Dunkles Design
./bitmaps_textlabel\Dunkles Design\Cache0000.bin_0712.bmp,Dunkles Design
./bitmaps_textlabel\Dunkles Design\Cache0000.bin_0713.bmp,Dunkles Design
./bitmaps_textlabel\Dunkles Design\Cache0000.bin_0716.bmp,Dunkles Design
./bitmaps_textlabel\Dunkles Design\Cache0000.bin_0717.bmp,Dunkles Design
./bitmaps_textlabel\Dunkles Design\Cache0000.bin_0719.bmp,Dunkles Design
./bitmaps_textlabel\Dunkles Design\Cache0000.bin_0720.bmp,Dunkles Design
./bitmaps_textlabel\Dunkles Design\Cache0000.bin_0721.bmp,Dunkles Design
./bitmaps_textlabel\Dunkles Design\Cache0000.bin_0723.bmp,Dunkles Design
./bitmaps_textlabel\Dunkles Design\Cache0000.bin_0727.bmp,Dunkles Design
./bitmaps_textlabel\Dunkles Design\Cache0000.bin_0731.bmp,Dunkles Design
./bitmaps_textlabel\Dunkles Design\Cache0000.bin_0732.bmp,Dunkles Design
./bitmaps_textlabel\Dunkles Design\Cache0000.bin_0733.bmp,Dunkles Design
./bitmaps_textlabel\Dunkles Design\Cache0000.bin_0734.bmp,Dunkles Design
./bitmaps_textlabel\Dunkles Design\Cache0000.bin_0735.bmp,Dunkles Design
./bitmaps_textlabel\Dunkles Design\Cache0000.bin_0736.bmp,Dunkles Design
./bitmaps_textlabel\Dunkles Design\Cache0000.bin_0737.bmp,Dunkles Design
./bitmaps_textlabel\Dunkles Design\Cache0000.bin_0738.bmp,Dunkles Design
./bitmaps_textlabel\Dunkles Design\Cache0000.bin_0739.bmp,Dunkles Design
./bitmaps_textlabel\Dunkles Design\Cache0000.bin_0740.bmp,Dunkles Design
./bitmaps_textlabel\Dunkles Design\Cache0000.bin_0741.bmp,Dunkles Design
./bitmaps_textlabel\Dunkles Design\Cache0000.bin_0742.bmp,Dunkles Design
./bitmaps_textlabel\Dunkles Design\Cache0000.bin_0743.bmp,Dunkles Design
./bitmaps_textlabel\Dunkles Design\Cache0000.bin_0744.bmp,Dunkles Design
./bitmaps_textlabel\Dunkles Design\Cache0000.bin_0745.bmp,Dunkles Design
./bitmaps_textlabel\Dunkles Design\Cache0000.bin_0752.bmp,Dunkles Design
./bitmaps_textlabel\Dunkles Design\Cache0000.bin_0753.bmp,Dunkles Design
./bitmaps_textlabel\Dunkles Design\Cache0000.bin_0754.bmp,Dunkles Design
./bitmaps_textlabel\Dunkles Design\Cache0000.bin_0762.bmp,Dunkles Design
./bitmaps_textlabel\Dunkles Design\Cache0000.bin_0763.bmp,Dunkles Design
./bitmaps_textlabel\Dunkles Design\Cache0000.bin_0764.bmp,Dunkles Design
./bitmaps_textlabel\Dunkles Design\Cache0000.bin_0765.bmp,Dunkles Design
./bitmaps_textlabel\Dunkles Design\Cache0000.bin_0766.bmp,Dunkles Design
./bitmaps_textlabel\Dunkles Design\Cache0000.bin_0767.bmp,Dunkles Design
./bitmaps_textlabel\Dunkles Design\Cache0000.bin_0769.bmp,Dunkles Design
./bitmaps_textlabel\Dunkles Design\Cache0000.bin_0770.bmp,Dunkles Design
./bitmaps_textlabel\Dunkles Design\Cache0000.bin_0771.bmp,Dunkles Design
./bitmaps_textlabel\Dunkles Design\Cache0000.bin_0772.bmp,Dunkles Design
./bitmaps_textlabel\Dunkles Design\Cache0000.bin_0784.bmp,Dunkles Design
./bitmaps_textlabel\Dunkles Design\Cache0000.bin_0785.bmp,Dunkles Design
./bitmaps_textlabel\Dunkles Design\Cache0000.bin_0786.bmp,Dunkles Design
./bitmaps_textlabel\Dunkles Design\Cache0000.bin_0787.bmp,Dunkles Design
./bitmaps_textlabel\Dunkles Design\Cache0000.bin_0788.bmp,Dunkles Design
./bitmaps_textlabel\Dunkles Design\Cache0000.bin_0789.bmp,Dunkles Design
./bitmaps_textlabel\Dunkles Design\Cache0000.bin_0790.bmp,Dunkles Design
./bitmaps_textlabel\Dunkles Design\Cache0000.bin_0791.bmp,Dunkles Design
./bitmaps_textlabel\Dunkles Design\Cache0000.bin_0792.bmp,Dunkles Design
./bitmaps_textlabel\Dunkles Design\Cache0000.bin_0793.bmp,Dunkles Design
./bitmaps_textlabel\Dunkles Design\Cache0000.bin_0794.bmp,Dunkles Design
./bitmaps_textlabel\Dunkles Design\Cache0000.bin_0795.bmp,Dunkles Design
./bitmaps_textlabel\Dunkles Design\Cache0000.bin_0799.bmp,Dunkles Design
./bitmaps_textlabel\Dunkles Design\Cache0000.bin_0800.bmp,Dunkles Design
./bitmaps_textlabel\Dunkles Design\Cache0000.bin_0801.bmp,Dunkles Design
./bitmaps_textlabel\Dunkles Design\Cache0000.bin_0802.bmp,Dunkles Design
./bitmaps_textlabel\Dunkles Design\Cache0000.bin_0803.bmp,Dunkles Design
./bitmaps_textlabel\Dunkles Design\Cache0000.bin_0804.bmp,Dunkles Design
./bitmaps_textlabel\Dunkles Design\Cache0000.bin_0805.bmp,Dunkles Design
./bitmaps_textlabel\Dunkles Design\Cache0000.bin_0806.bmp,Dunkles Design
./bitmaps_textlabel\Dunkles Design\Cache0000.bin_0807.bmp,Dunkles Design
./bitmaps_textlabel\Dunkles Design\Cache0000.bin_0809.bmp,Dunkles Design
./bitmaps_textlabel\Dunkles Design\Cache0000.bin_0810.bmp,Dunkles Design
./bitmaps_textlabel\Dunkles Design\Cache0000.bin_0815.bmp,Dunkles Design
./bitmaps_textlabel\Dunkles Design\Cache0000.bin_0816.bmp,Dunkles Design
./bitmaps_textlabel\Dunkles Design\Cache0000.bin_0817.bmp,Dunkles Design
./bitmaps_textlabel\Dunkles Design\Cache0000.bin_0818.bmp,Dunkles Design
./bitmaps_textlabel\Dunkles Design\Cache0000.bin_0819.bmp,Dunkles Design
./bitmaps_textlabel\Dunkles Design\Cache0000.bin_0821.bmp,Dunkles Design
./bitmaps_textlabel\Dunkles Design\Cache0000.bin_0822.bmp,Dunkles Design
./bitmaps_textlabel\Dunkles Design\Cache0000.bin_0823.bmp,Dunkles Design
./bitmaps_textlabel\Dunkles Design\Cache0000.bin_0824.bmp,Dunkles Design
./bitmaps_textlabel\Dunkles Design\Cache0000.bin_0825.bmp,Dunkles Design
./bitmaps_textlabel\Dunkles Design\Cache0000.bin_0826.bmp,Dunkles Design
./bitmaps_textlabel\Dunkles Design\Cache0000.bin_0827.bmp,Dunkles Design
./bitmaps_textlabel\Dunkles Design\Cache0000.bin_0831.bmp,Dunkles Design
./bitmaps_textlabel\Dunkles Design\Cache0000.bin_0832.bmp,Dunkles Design
./bitmaps_textlabel\Dunkles Design\Cache0000.bin_0834.bmp,Dunkles Design
./bitmaps_textlabel\Dunkles Design\Cache0000.bin_0842.bmp,Dunkles Design
./bitmaps_textlabel\Dunkles Design\Cache0000.bin_0843.bmp,Dunkles Design
./bitmaps_textlabel\Dunkles Design\Cache0000.bin_0844.bmp,Dunkles Design
./bitmaps_textlabel\Dunkles Design\Cache0000.bin_0851.bmp,Dunkles Design
./bitmaps_textlabel\Dunkles Design\Cache0000.bin_0856.bmp,Dunkles Design
./bitmaps_textlabel\Dunkles Design\Cache0000.bin_0857.bmp,Dunkles Design
./bitmaps_textlabel\Dunkles Design\Cache0000.bin_0858.bmp,Dunkles Design
./bitmaps_textlabel\Dunkles Design\Cache0000.bin_0859.bmp,Dunkles Design
./bitmaps_textlabel\Dunkles Design\Cache0000.bin_0862.bmp,Dunkles Design
./bitmaps_textlabel\Dunkles Design\Cache0000.bin_0867.bmp,Dunkles Design
./bitmaps_textlabel\Dunkles Design\Cache0000.bin_0868.bmp,Dunkles Design
./bitmaps_textlabel\Dunkles Design\Cache0000.bin_0879.bmp,Dunkles Design
./bitmaps_textlabel\Dunkles Design\Cache0000.bin_0880.bmp,Dunkles Design
./bitmaps_textlabel\Dunkles Design\Cache0000.bin_0890.bmp,Dunkles Design
./bitmaps_textlabel\Dunkles Design\Cache0000.bin_0891.bmp,Dunkles Design
./bitmaps_textlabel\Dunkles Design\Cache0000.bin_0892.bmp,Dunkles Design
./bitmaps_textlabel\Dunkles Design\Cache0000.bin_0893.bmp,Dunkles Design
./bitmaps_textlabel\Dunkles Design\Cache0000.bin_0894.bmp,Dunkles Design
./bitmaps_textlabel\Dunkles Design\Cache0000.bin_0895.bmp,Dunkles Design
./bitmaps_textlabel\Dunkles Design\Cache0000.bin_0904.bmp,Dunkles Design
./bitmaps_textlabel\Dunkles Design\Cache0000.bin_0906.bmp,Dunkles Design
./bitmaps_textlabel\Dunkles Design\Cache0000.bin_0910.bmp,Dunkles Design
./bitmaps_textlabel\Dunkles Design\Cache0000.bin_0911.bmp,Dunkles Design
./bitmaps_textlabel\Dunkles Design\Cache0000.bin_0912.bmp,Dunkles Design
./bitmaps_textlabel\Dunkles Design\Cache0000.bin_0913.bmp,Dunkles Design
./bitmaps_textlabel\Dunkles Design\Cache0000.bin_0917.bmp,Dunkles Design
./bitmaps_textlabel\Dunkles Design\Cache0000.bin_0921.bmp,Dunkles Design
./bitmaps_textlabel\Dunkles Design\Cache0000.bin_0923.bmp,Dunkles Design
./bitmaps_textlabel\Dunkles Design\Cache0000.bin_0924.bmp,Dunkles Design
./bitmaps_textlabel\Dunkles Design\Cache0000.bin_0925.bmp,Dunkles Design
./bitmaps_textlabel\Dunkles Design\Cache0000.bin_0926.bmp,Dunkles Design
./bitmaps_textlabel\Dunkles Design\Cache0000.bin_0927.bmp,Dunkles Design
./bitmaps_textlabel\Dunkles Design\Cache0000.bin_0928.bmp,Dunkles Design
./bitmaps_textlabel\Dunkles Design\Cache0000.bin_0929.bmp,Dunkles Design
./bitmaps_textlabel\Dunkles Design\Cache0000.bin_0930.bmp,Dunkles Design
./bitmaps_textlabel\Dunkles Design\Cache0000.bin_0938.bmp,Dunkles Design
./bitmaps_textlabel\Dunkles Design\Cache0000.bin_0957.bmp,Dunkles Design
./bitmaps_textlabel\Dunkles Design\Cache0000.bin_0965.bmp,Dunkles Design
./bitmaps_textlabel\Dunkles Design\Cache0000.bin_0966.bmp,Dunkles Design
./bitmaps_textlabel\Dunkles Design\Cache0000.bin_0967.bmp,Dunkles Design
./bitmaps_textlabel\Dunkles Design\Cache0000.bin_0968.bmp,Dunkles Design
./bitmaps_textlabel\Dunkles Design\Cache0000.bin_0975.bmp,Dunkles Design
./bitmaps_textlabel\Dunkles Design\Cache0000.bin_0983.bmp,Dunkles Design
./bitmaps_textlabel\Dunkles Design\Cache0000.bin_0989.bmp,Dunkles Design
./bitmaps_textlabel\Dunkles Design\Cache0000.bin_0990.bmp,Dunkles Design
./bitmaps_textlabel\Dunkles Design\Cache0000.bin_1002.bmp,Dunkles Design
./bitmaps_textlabel\Dunkles Design\Cache0000.bin_1021.bmp,Dunkles Design
./bitmaps_textlabel\Dunkles Design\Cache0000.bin_1031.bmp,Dunkles Design
./bitmaps_textlabel\Dunkles Design\Cache0000.bin_1044.bmp,Dunkles Design
./bitmaps_textlabel\Dunkles Design\Cache0000.bin_1049.bmp,Dunkles Design
./bitmaps_textlabel\Dunkles Design\Cache0000.bin_1050.bmp,Dunkles Design
./bitmaps_textlabel\Dunkles Design\Cache0000.bin_1056.bmp,Dunkles Design
./bitmaps_textlabel\Dunkles Design\Cache0000.bin_1078.bmp,Dunkles Design
./bitmaps_textlabel\Dunkles Design\Cache0000.bin_1081.bmp,Dunkles Design
./bitmaps_textlabel\Dunkles Design\Cache0000.bin_1082.bmp,Dunkles Design
./bitmaps_textlabel\Dunkles Design\Cache0000.bin_1083.bmp,Dunkles Design
./bitmaps_textlabel\Dunkles Design\Cache0000.bin_1084.bmp,Dunkles Design
./bitmaps_textlabel\Dunkles Design\Cache0000.bin_1087.bmp,Dunkles Design
./bitmaps_textlabel\Dunkles Design\Cache0000.bin_1088.bmp,Dunkles Design
./bitmaps_textlabel\Dunkles Design\Cache0000.bin_1089.bmp,Dunkles Design
./bitmaps_textlabel\Dunkles Design\Cache0000.bin_1094.bmp,Dunkles Design
./bitmaps_textlabel\Dunkles Design\Cache0000.bin_1095.bmp,Dunkles Design
./bitmaps_textlabel\Dunkles Design\Cache0000.bin_1096.bmp,Dunkles Design
./bitmaps_textlabel\Dunkles Design\Cache0000.bin_1097.bmp,Dunkles Design
./bitmaps_textlabel\Dunkles Design\Cache0000.bin_1143.bmp,Dunkles Design
./bitmaps_textlabel\Dunkles Design\Cache0000.bin_1145.bmp,Dunkles Design
./bitmaps_textlabel\Dunkles Design\Cache0000.bin_1146.bmp,Dunkles Design
./bitmaps_textlabel\Dunkles Design\Cache0000.bin_1147.bmp,Dunkles Design
./bitmaps_textlabel\Dunkles Design\Cache0000.bin_1148.bmp,Dunkles Design
./bitmaps_textlabel\Dunkles Design\Cache0000.bin_1149.bmp,Dunkles Design
./bitmaps_textlabel\Dunkles Design\Cache0000.bin_1150.bmp,Dunkles Design
./bitmaps_textlabel\Dunkles Design\Cache0000.bin_1151.bmp,Dunkles Design
./bitmaps_textlabel\Dunkles Design\Cache0000.bin_1152.bmp,Dunkles Design
./bitmaps_textlabel\Dunkles Design\Cache0000.bin_1153.bmp,Dunkles Design
./bitmaps_textlabel\Dunkles Design\Cache0000.bin_1154.bmp,Dunkles Design
./bitmaps_textlabel\Dunkles Design\Cache0000.bin_1155.bmp,Dunkles Design
./bitmaps_textlabel\Dunkles Design\Cache0000.bin_1156.bmp,Dunkles Design
./bitmaps_textlabel\Dunkles Design\Cache0000.bin_1157.bmp,Dunkles Design
./bitmaps_textlabel\Dunkles Design\Cache0000.bin_1158.bmp,Dunkles Design
./bitmaps_textlabel\Dunkles Design\Cache0000.bin_1159.bmp,Dunkles Design
./bitmaps_textlabel\Dunkles Design\Cache0000.bin_1160.bmp,Dunkles Design
./bitmaps_textlabel\Dunkles Design\Cache0000.bin_1161.bmp,Dunkles Design
./bitmaps_textlabel\Dunkles Design\Cache0000.bin_1162.bmp,Dunkles Design
./bitmaps_textlabel\Dunkles Design\Cache0000.bin_1163.bmp,Dunkles Design
./bitmaps_textlabel\Dunkles Design\Cache0000.bin_1164.bmp,Dunkles Design
./bitmaps_textlabel\Dunkles Design\Cache0000.bin_1165.bmp,Dunkles Design
./bitmaps_textlabel\Dunkles Design\Cache0000.bin_1166.bmp,Dunkles Design
./bitmaps_textlabel\Dunkles Design\Cache0000.bin_1167.bmp,Dunkles Design
./bitmaps_textlabel\Dunkles Design\Cache0000.bin_1168.bmp,Dunkles Design
./bitmaps_textlabel\Dunkles Design\Cache0000.bin_1169.bmp,Dunkles Design
./bitmaps_textlabel\Dunkles Design\Cache0000.bin_1170.bmp,Dunkles Design
./bitmaps_textlabel\Dunkles Design\Cache0000.bin_1171.bmp,Dunkles Design
./bitmaps_textlabel\Dunkles Design\Cache0000.bin_1172.bmp,Dunkles Design
./bitmaps_textlabel\Dunkles Design\Cache0000.bin_1173.bmp,Dunkles Design
./bitmaps_textlabel\Dunkles Design\Cache0000.bin_1174.bmp,Dunkles Design
./bitmaps_textlabel\Dunkles Design\Cache0000.bin_1175.bmp,Dunkles Design
./bitmaps_textlabel\Dunkles Design\Cache0000.bin_1176.bmp,Dunkles Design
./bitmaps_textlabel\Dunkles Design\Cache0000.bin_1177.bmp,Dunkles Design
./bitmaps_textlabel\Dunkles Design\Cache0000.bin_1178.bmp,Dunkles Design
./bitmaps_textlabel\Dunkles Design\Cache0000.bin_1179.bmp,Dunkles Design
./bitmaps_textlabel\Dunkles Design\Cache0000.bin_1180.bmp,Dunkles Design
./bitmaps_textlabel\Dunkles Design\Cache0000.bin_1181.bmp,Dunkles Design
./bitmaps_textlabel\Dunkles Design\Cache0000.bin_1182.bmp,Dunkles Design
./bitmaps_textlabel\Dunkles Design\Cache0000.bin_1183.bmp,Dunkles Design
./bitmaps_textlabel\Dunkles Design\Cache0000.bin_1184.bmp,Dunkles Design
./bitmaps_textlabel\Dunkles Design\Cache0000.bin_1185.bmp,Dunkles Design
./bitmaps_textlabel\Dunkles Design\Cache0000.bin_1186.bmp,Dunkles Design
./bitmaps_textlabel\Dunkles Design\Cache0000.bin_1187.bmp,Dunkles Design
./bitmaps_textlabel\Dunkles Design\Cache0000.bin_1188.bmp,Dunkles Design
./bitmaps_textlabel\Dunkles Design\Cache0000.bin_1189.bmp,Dunkles Design
./bitmaps_textlabel\Dunkles Design\Cache0000.bin_1194.bmp,Dunkles Design
./bitmaps_textlabel\Dunkles Design\Cache0000.bin_1195.bmp,Dunkles Design
./bitmaps_textlabel\Dunkles Design\Cache0000.bin_1196.bmp,Dunkles Design
./bitmaps_textlabel\Dunkles Design\Cache0000.bin_1197.bmp,Dunkles Design
./bitmaps_textlabel\Dunkles Design\Cache0000.bin_1198.bmp,Dunkles Design
./bitmaps_textlabel\Dunkles Design\Cache0000.bin_1199.bmp,Dunkles Design
./bitmaps_textlabel\Dunkles Design\Cache0000.bin_1200.bmp,Dunkles Design
./bitmaps_textlabel\Dunkles Design\Cache0000.bin_1210.bmp,Dunkles Design
./bitmaps_textlabel\Eingabeaufforderung\Cache0000.bin_1098.bmp,Eingabeaufforderung
./bitmaps_textlabel\Eingabeaufforderung\Cache0000.bin_1099.bmp,Eingabeaufforderung
./bitmaps_textlabel\Eingabeaufforderung\Cache0000.bin_1100.bmp,Eingabeaufforderung
./bitmaps_textlabel\Eingabeaufforderung\Cache0000.bin_1104.bmp,Eingabeaufforderung
./bitmaps_textlabel\Eingabeaufforderung\Cache0000.bin_1105.bmp,Eingabeaufforderung
./bitmaps_textlabel\Eingabeaufforderung\Cache0000.bin_1108.bmp,Eingabeaufforderung
./bitmaps_textlabel\Eingabeaufforderung\Cache0000.bin_1117.bmp,Eingabeaufforderung
./bitmaps_textlabel\Eingabeaufforderung\Cache0000.bin_1118.bmp,Eingabeaufforderung
./bitmaps_textlabel\Eingabeaufforderung\Cache0000.bin_1120.bmp,Eingabeaufforderung
./bitmaps_textlabel\Eingabeaufforderung\Cache0000.bin_1121.bmp,Eingabeaufforderung
./bitmaps_textlabel\Eingabeaufforderung\Cache0000.bin_1122.bmp,Eingabeaufforderung
./bitmaps_textlabel\Eingabeaufforderung\Cache0000.bin_1123.bmp,Eingabeaufforderung
./bitmaps_textlabel\Eingabeaufforderung\Cache0000.bin_1124.bmp,Eingabeaufforderung
./bitmaps_textlabel\Eingabeaufforderung\Cache0000.bin_1125.bmp,Eingabeaufforderung
./bitmaps_textlabel\Eingabeaufforderung\Cache0000.bin_1211.bmp,Eingabeaufforderung
./bitmaps_textlabel\Eingabeaufforderung\Cache0000.bin_1212.bmp,Eingabeaufforderung
./bitmaps_textlabel\Eingabeaufforderung\Cache0000.bin_1213.bmp,Eingabeaufforderung
./bitmaps_textlabel\Eingabeaufforderung\Cache0000.bin_1214.bmp,Eingabeaufforderung
./bitmaps_textlabel\Eingabeaufforderung\Cache0000.bin_1215.bmp,Eingabeaufforderung
./bitmaps_textlabel\Eingabeaufforderung\Cache0000.bin_1216.bmp,Eingabeaufforderung
./bitmaps_textlabel\Eingabeaufforderung\Cache0000.bin_1217.bmp,Eingabeaufforderung
./bitmaps_textlabel\Eingabeaufforderung\Cache0000.bin_1218.bmp,Eingabeaufforderung
./bitmaps_textlabel\Eingabeaufforderung\Cache0000.bin_1219.bmp,Eingabeaufforderung
./bitmaps_textlabel\Eingabeaufforderung\Cache0000.bin_1220.bmp,Eingabeaufforderung
./bitmaps_textlabel\Eingabeaufforderung\Cache0000.bin_1221.bmp,Eingabeaufforderung
./bitmaps_textlabel\Eingabeaufforderung\Cache0000.bin_1222.bmp,Eingabeaufforderung
./bitmaps_textlabel\Eingabeaufforderung\Cache0000.bin_1223.bmp,Eingabeaufforderung
./bitmaps_textlabel\Eingabeaufforderung\Cache0000.bin_1224.bmp,Eingabeaufforderung
./bitmaps_textlabel\Eingabeaufforderung\Cache0000.bin_1225.bmp,Eingabeaufforderung
./bitmaps_textlabel\Eingabeaufforderung\Cache0000.bin_1226.bmp,Eingabeaufforderung
./bitmaps_textlabel\Eingabeaufforderung\Cache0000.bin_1227.bmp,Eingabeaufforderung
./bitmaps_textlabel\Eingabeaufforderung\Cache0000.bin_1228.bmp,Eingabeaufforderung
./bitmaps_textlabel\Eingabeaufforderung\Cache0000.bin_1229.bmp,Eingabeaufforderung
./bitmaps_textlabel\Eingabeaufforderung\Cache0000.bin_1230.bmp,Eingabeaufforderung
./bitmaps_textlabel\Eingabeaufforderung\Cache0000.bin_1231.bmp,Eingabeaufforderung
./bitmaps_textlabel\Eingabeaufforderung\Cache0000.bin_1232.bmp,Eingabeaufforderung
./bitmaps_textlabel\Eingabeaufforderung\Cache0000.bin_1233.bmp,Eingabeaufforderung
./bitmaps_textlabel\Eingabeaufforderung\Cache0000.bin_1234.bmp,Eingabeaufforderung
./bitmaps_textlabel\Eingabeaufforderung\Cache0000.bin_1235.bmp,Eingabeaufforderung
./bitmaps_textlabel\Eingabeaufforderung\Cache0000.bin_1236.bmp,Eingabeaufforderung
./bitmaps_textlabel\Eingabeaufforderung\Cache0000.bin_1237.bmp,Eingabeaufforderung
./bitmaps_textlabel\Eingabeaufforderung\Cache0000.bin_1238.bmp,Eingabeaufforderung
./bitmaps_textlabel\Eingabeaufforderung\Cache0000.bin_1239.bmp,Eingabeaufforderung
./bitmaps_textlabel\Eingabeaufforderung\Cache0000.bin_1240.bmp,Eingabeaufforderung
./bitmaps_textlabel\Eingabeaufforderung\Cache0000.bin_1241.bmp,Eingabeaufforderung
./bitmaps_textlabel\Eingabeaufforderung\Cache0000.bin_1242.bmp,Eingabeaufforderung
./bitmaps_textlabel\Eingabeaufforderung\Cache0000.bin_1243.bmp,Eingabeaufforderung
./bitmaps_textlabel\Eingabeaufforderung\Cache0000.bin_1244.bmp,Eingabeaufforderung
./bitmaps_textlabel\Eingabeaufforderung\Cache0000.bin_1245.bmp,Eingabeaufforderung
./bitmaps_textlabel\Eingabeaufforderung\Cache0000.bin_1246.bmp,Eingabeaufforderung
./bitmaps_textlabel\Eingabeaufforderung\Cache0000.bin_1247.bmp,Eingabeaufforderung
./bitmaps_textlabel\Eingabeaufforderung\Cache0000.bin_1248.bmp,Eingabeaufforderung
./bitmaps_textlabel\Eingabeaufforderung\Cache0000.bin_1249.bmp,Eingabeaufforderung
./bitmaps_textlabel\Eingabeaufforderung\Cache0000.bin_1250.bmp,Eingabeaufforderung
./bitmaps_textlabel\Eingabeaufforderung\Cache0000.bin_1251.bmp,Eingabeaufforderung
./bitmaps_textlabel\Eingabeaufforderung\Cache0000.bin_1252.bmp,Eingabeaufforderung
./bitmaps_textlabel\Eingabeaufforderung\Cache0000.bin_1253.bmp,Eingabeaufforderung
./bitmaps_textlabel\Eingabeaufforderung\Cache0000.bin_1254.bmp,Eingabeaufforderung
./bitmaps_textlabel\Eingabeaufforderung\Cache0000.bin_1255.bmp,Eingabeaufforderung
./bitmaps_textlabel\Eingabeaufforderung\Cache0000.bin_1256.bmp,Eingabeaufforderung
./bitmaps_textlabel\Eingabeaufforderung\Cache0000.bin_1257.bmp,Eingabeaufforderung
./bitmaps_textlabel\Eingabeaufforderung\Cache0000.bin_1258.bmp,Eingabeaufforderung
./bitmaps_textlabel\Eingabeaufforderung\Cache0000.bin_1259.bmp,Eingabeaufforderung
./bitmaps_textlabel\Eingabeaufforderung\Cache0000.bin_1260.bmp,Eingabeaufforderung
./bitmaps_textlabel\Eingabeaufforderung\Cache0000.bin_1261.bmp,Eingabeaufforderung
./bitmaps_textlabel\Eingabeaufforderung\Cache0000.bin_1262.bmp,Eingabeaufforderung
./bitmaps_textlabel\Eingabeaufforderung\Cache0000.bin_1263.bmp,Eingabeaufforderung
./bitmaps_textlabel\Eingabeaufforderung\Cache0000.bin_1264.bmp,Eingabeaufforderung
./bitmaps_textlabel\Eingabeaufforderung\Cache0000.bin_1265.bmp,Eingabeaufforderung
./bitmaps_textlabel\Eingabeaufforderung\Cache0000.bin_1266.bmp,Eingabeaufforderung
./bitmaps_textlabel\Eingabeaufforderung\Cache0000.bin_1267.bmp,Eingabeaufforderung
./bitmaps_textlabel\Eingabeaufforderung\Cache0000.bin_1268.bmp,Eingabeaufforderung
./bitmaps_textlabel\Eingabeaufforderung\Cache0000.bin_1269.bmp,Eingabeaufforderung
./bitmaps_textlabel\Eingabeaufforderung\Cache0000.bin_1270.bmp,Eingabeaufforderung
./bitmaps_textlabel\Eingabeaufforderung\Cache0000.bin_1271.bmp,Eingabeaufforderung
./bitmaps_textlabel\Eingabeaufforderung\Cache0000.bin_1272.bmp,Eingabeaufforderung
./bitmaps_textlabel\Eingabeaufforderung\Cache0000.bin_1273.bmp,Eingabeaufforderung
./bitmaps_textlabel\Eingabeaufforderung\Cache0000.bin_1274.bmp,Eingabeaufforderung
./bitmaps_textlabel\Eingabeaufforderung\Cache0000.bin_1275.bmp,Eingabeaufforderung
./bitmaps_textlabel\Eingabeaufforderung\Cache0000.bin_1276.bmp,Eingabeaufforderung
./bitmaps_textlabel\Eingabeaufforderung\Cache0000.bin_1277.bmp,Eingabeaufforderung
./bitmaps_textlabel\Eingabeaufforderung\Cache0000.bin_1278.bmp,Eingabeaufforderung
./bitmaps_textlabel\Eingabeaufforderung\Cache0000.bin_1279.bmp,Eingabeaufforderung
./bitmaps_textlabel\Eingabeaufforderung\Cache0000.bin_1280.bmp,Eingabeaufforderung
./bitmaps_textlabel\Eingabeaufforderung\Cache0000.bin_1281.bmp,Eingabeaufforderung
./bitmaps_textlabel\Eingabeaufforderung\Cache0000.bin_1282.bmp,Eingabeaufforderung
./bitmaps_textlabel\Eingabeaufforderung\Cache0000.bin_1283.bmp,Eingabeaufforderung
./bitmaps_textlabel\Eingabeaufforderung\Cache0000.bin_1284.bmp,Eingabeaufforderung
./bitmaps_textlabel\Eingabeaufforderung\Cache0000.bin_1285.bmp,Eingabeaufforderung
./bitmaps_textlabel\Eingabeaufforderung\Cache0000.bin_1286.bmp,Eingabeaufforderung
./bitmaps_textlabel\Eingabeaufforderung\Cache0000.bin_1287.bmp,Eingabeaufforderung
./bitmaps_textlabel\Eingabeaufforderung\Cache0000.bin_1288.bmp,Eingabeaufforderung
./bitmaps_textlabel\Eingabeaufforderung\Cache0000.bin_1289.bmp,Eingabeaufforderung
./bitmaps_textlabel\Eingabeaufforderung\Cache0000.bin_1290.bmp,Eingabeaufforderung
./bitmaps_textlabel\Eingabeaufforderung\Cache0000.bin_1291.bmp,Eingabeaufforderung
./bitmaps_textlabel\Eingabeaufforderung\Cache0000.bin_1292.bmp,Eingabeaufforderung
./bitmaps_textlabel\Eingabeaufforderung\Cache0000.bin_1293.bmp,Eingabeaufforderung
./bitmaps_textlabel\Eingabeaufforderung\Cache0000.bin_1294.bmp,Eingabeaufforderung
./bitmaps_textlabel\Eingabeaufforderung\Cache0000.bin_1295.bmp,Eingabeaufforderung
./bitmaps_textlabel\Eingabeaufforderung\Cache0000.bin_1296.bmp,Eingabeaufforderung
./bitmaps_textlabel\Eingabeaufforderung\Cache0000.bin_1297.bmp,Eingabeaufforderung
./bitmaps_textlabel\Eingabeaufforderung\Cache0000.bin_1298.bmp,Eingabeaufforderung
./bitmaps_textlabel\Eingabeaufforderung\Cache0000.bin_1299.bmp,Eingabeaufforderung
./bitmaps_textlabel\Eingabeaufforderung\Cache0000.bin_1300.bmp,Eingabeaufforderung
./bitmaps_textlabel\Eingabeaufforderung\Cache0000.bin_1301.bmp,Eingabeaufforderung
./bitmaps_textlabel\Eingabeaufforderung\Cache0000.bin_1302.bmp,Eingabeaufforderung
./bitmaps_textlabel\Eingabeaufforderung\Cache0000.bin_1303.bmp,Eingabeaufforderung
./bitmaps_textlabel\Eingabeaufforderung\Cache0000.bin_1304.bmp,Eingabeaufforderung
./bitmaps_textlabel\Eingabeaufforderung\Cache0000.bin_1305.bmp,Eingabeaufforderung
./bitmaps_textlabel\Eingabeaufforderung\Cache0000.bin_1306.bmp,Eingabeaufforderung
./bitmaps_textlabel\Eingabeaufforderung\Cache0000.bin_1307.bmp,Eingabeaufforderung
./bitmaps_textlabel\Eingabeaufforderung\Cache0000.bin_1308.bmp,Eingabeaufforderung
./bitmaps_textlabel\Eingabeaufforderung\Cache0000.bin_1309.bmp,Eingabeaufforderung
./bitmaps_textlabel\Eingabeaufforderung\Cache0000.bin_1310.bmp,Eingabeaufforderung
./bitmaps_textlabel\Eingabeaufforderung\Cache0000.bin_1311.bmp,Eingabeaufforderung
./bitmaps_textlabel\Eingabeaufforderung\Cache0000.bin_1312.bmp,Eingabeaufforderung
./bitmaps_textlabel\Eingabeaufforderung\Cache0000.bin_1313.bmp,Eingabeaufforderung
./bitmaps_textlabel\Eingabeaufforderung\Cache0000.bin_1314.bmp,Eingabeaufforderung
./bitmaps_textlabel\Eingabeaufforderung\Cache0000.bin_1315.bmp,Eingabeaufforderung
./bitmaps_textlabel\Helles Design\Cache0000.bin_0074.bmp,Helles Design
./bitmaps_textlabel\Helles Design\Cache0000.bin_0075.bmp,Helles Design
./bitmaps_textlabel\Helles Design\Cache0000.bin_0119.bmp,Helles Design
./bitmaps_textlabel\Helles Design\Cache0000.bin_0125.bmp,Helles Design
./bitmaps_textlabel\Helles Design\Cache0000.bin_0671.bmp,Helles Design
./bitmaps_textlabel\Helles Design\Cache0000.bin_0672.bmp,Helles Design
./bitmaps_textlabel\Helles Design\Cache0000.bin_0673.bmp,Helles Design
./bitmaps_textlabel\Helles Design\Cache0000.bin_0674.bmp,Helles Design
./bitmaps_textlabel\Helles Design\Cache0000.bin_0675.bmp,Helles Design
./bitmaps_textlabel\Helles Design\Cache0000.bin_0676.bmp,Helles Design
./bitmaps_textlabel\Helles Design\Cache0000.bin_0865.bmp,Helles Design
./bitmaps_textlabel\Helles Design\Cache0000.bin_0866.bmp,Helles Design
./bitmaps_textlabel\Helles Design\Cache0000.bin_0876.bmp,Helles Design
./bitmaps_textlabel\Helles Design\Cache0000.bin_0877.bmp,Helles Design
./bitmaps_textlabel\Helles Design\Cache0000.bin_0955.bmp,Helles Design
./bitmaps_textlabel\Helles Design\Cache0000.bin_0956.bmp,Helles Design
./bitmaps_textlabel\Helles Design\Cache0000.bin_1033.bmp,Helles Design
./bitmaps_textlabel\Helles Design\Cache0000.bin_1073.bmp,Helles Design
./bitmaps_textlabel\Helles Design\Cache0000.bin_1074.bmp,Helles Design
./bitmaps_textlabel\Helles Design\Cache0000.bin_1075.bmp,Helles Design
./bitmaps_textlabel\Helles Design\Cache0000.bin_1076.bmp,Helles Design
./bitmaps_textlabel\Helles Design\Cache0000.bin_1079.bmp,Helles Design
./bitmaps_textlabel\Helles Design\Cache0000.bin_1080.bmp,Helles Design
./bitmaps_textlabel\Icons\Cache0000.bin_0036.bmp,Icons
./bitmaps_textlabel\Icons\Cache0000.bin_0037.bmp,Icons
./bitmaps_textlabel\Icons\Cache0000.bin_0038.bmp,Icons
./bitmaps_textlabel\Icons\Cache0000.bin_0039.bmp,Icons
./bitmaps_textlabel\Icons\Cache0000.bin_0040.bmp,Icons
./bitmaps_textlabel\Icons\Cache0000.bin_0041.bmp,Icons
./bitmaps_textlabel\Icons\Cache0000.bin_0042.bmp,Icons
./bitmaps_textlabel\Icons\Cache0000.bin_0043.bmp,Icons
./bitmaps_textlabel\Icons\Cache0000.bin_0044.bmp,Icons
./bitmaps_textlabel\Icons\Cache0000.bin_0045.bmp,Icons
./bitmaps_textlabel\Icons\Cache0000.bin_0046.bmp,Icons
./bitmaps_textlabel\Icons\Cache0000.bin_0068.bmp,Icons
./bitmaps_textlabel\Icons\Cache0000.bin_0069.bmp,Icons
./bitmaps_textlabel\Icons\Cache0000.bin_0072.bmp,Icons
./bitmaps_textlabel\Icons\Cache0000.bin_0085.bmp,Icons
./bitmaps_textlabel\Icons\Cache0000.bin_0090.bmp,Icons
./bitmaps_textlabel\Icons\Cache0000.bin_0091.bmp,Icons
./bitmaps_textlabel\Icons\Cache0000.bin_0093.bmp,Icons
./bitmaps_textlabel\Icons\Cache0000.bin_0096.bmp,Icons
./bitmaps_textlabel\Icons\Cache0000.bin_0098.bmp,Icons
./bitmaps_textlabel\Icons\Cache0000.bin_0102.bmp,Icons
./bitmaps_textlabel\Icons\Cache0000.bin_0104.bmp,Icons
./bitmaps_textlabel\Icons\Cache0000.bin_0121.bmp,Icons
./bitmaps_textlabel\Icons\Cache0000.bin_0122.bmp,Icons
./bitmaps_textlabel\Icons\Cache0000.bin_0123.bmp,Icons
./bitmaps_textlabel\Icons\Cache0000.bin_0134.bmp,Icons
./bitmaps_textlabel\Icons\Cache0000.bin_0136.bmp,Icons
./bitmaps_textlabel\Icons\Cache0000.bin_0138.bmp,Icons
./bitmaps_textlabel\Icons\Cache0000.bin_0149.bmp,Icons
./bitmaps_textlabel\Icons\Cache0000.bin_0156.bmp,Icons
./bitmaps_textlabel\Icons\Cache0000.bin_0161.bmp,Icons
./bitmaps_textlabel\Icons\Cache0000.bin_0162.bmp,Icons
./bitmaps_textlabel\Icons\Cache0000.bin_0163.bmp,Icons
./bitmaps_textlabel\Icons\Cache0000.bin_0182.bmp,Icons
./bitmaps_textlabel\Icons\Cache0000.bin_0192.bmp,Icons
./bitmaps_textlabel\Icons\Cache0000.bin_0207.bmp,Icons
./bitmaps_textlabel\Icons\Cache0000.bin_0222.bmp,Icons
./bitmaps_textlabel\Icons\Cache0000.bin_0238.bmp,Icons
./bitmaps_textlabel\Icons\Cache0000.bin_0252.bmp,Icons
./bitmaps_textlabel\Icons\Cache0000.bin_0265.bmp,Icons
./bitmaps_textlabel\Icons\Cache0000.bin_0281.bmp,Icons
./bitmaps_textlabel\Icons\Cache0000.bin_0297.bmp,Icons
./bitmaps_textlabel\Icons\Cache0000.bin_0302.bmp,Icons
./bitmaps_textlabel\Icons\Cache0000.bin_0309.bmp,Icons
./bitmaps_textlabel\Icons\Cache0000.bin_0310.bmp,Icons
./bitmaps_textlabel\Icons\Cache0000.bin_0320.bmp,Icons
./bitmaps_textlabel\Icons\Cache0000.bin_0348.bmp,Icons
./bitmaps_textlabel\Icons\Cache0000.bin_0364.bmp,Icons
./bitmaps_textlabel\Icons\Cache0000.bin_0374.bmp,Icons
./bitmaps_textlabel\Icons\Cache0000.bin_0377.bmp,Icons
./bitmaps_textlabel\Icons\Cache0000.bin_0413.bmp,Icons
./bitmaps_textlabel\Icons\Cache0000.bin_0416.bmp,Icons
./bitmaps_textlabel\Icons\Cache0000.bin_0422.bmp,Icons
./bitmaps_textlabel\Icons\Cache0000.bin_0436.bmp,Icons
./bitmaps_textlabel\Icons\Cache0000.bin_0437.bmp,Icons
./bitmaps_textlabel\Icons\Cache0000.bin_0637.bmp,Icons
./bitmaps_textlabel\Icons\Cache0000.bin_0677.bmp,Icons
./bitmaps_textlabel\Icons\Cache0000.bin_0722.bmp,Icons
./bitmaps_textlabel\Icons\Cache0000.bin_0746.bmp,Icons
./bitmaps_textlabel\Icons\Cache0000.bin_0751.bmp,Icons
./bitmaps_textlabel\Icons\Cache0000.bin_0773.bmp,Icons
./bitmaps_textlabel\Icons\Cache0000.bin_0776.bmp,Icons
./bitmaps_textlabel\Icons\Cache0000.bin_0780.bmp,Icons
./bitmaps_textlabel\Icons\Cache0000.bin_0796.bmp,Icons
./bitmaps_textlabel\Icons\Cache0000.bin_0808.bmp,Icons
./bitmaps_textlabel\Icons\Cache0000.bin_0814.bmp,Icons
./bitmaps_textlabel\Icons\Cache0000.bin_0833.bmp,Icons
./bitmaps_textlabel\Icons\Cache0000.bin_0840.bmp,Icons
./bitmaps_textlabel\Icons\Cache0000.bin_0841.bmp,Icons
./bitmaps_textlabel\Icons\Cache0000.bin_0847.bmp,Icons
./bitmaps_textlabel\Icons\Cache0000.bin_0869.bmp,Icons
./bitmaps_textlabel\Icons\Cache0000.bin_0878.bmp,Icons
./bitmaps_textlabel\Icons\Cache0000.bin_0905.bmp,Icons
./bitmaps_textlabel\Icons\Cache0000.bin_0922.bmp,Icons
./bitmaps_textlabel\Icons\Cache0000.bin_0958.bmp,Icons
./bitmaps_textlabel\Icons\Cache0000.bin_0963.bmp,Icons
./bitmaps_textlabel\Icons\Cache0000.bin_0964.bmp,Icons
./bitmaps_textlabel\Icons\Cache0000.bin_0974.bmp,Icons
./bitmaps_textlabel\Icons\Cache0000.bin_0977.bmp,Icons
./bitmaps_textlabel\Icons\Cache0000.bin_0978.bmp,Icons
./bitmaps_textlabel\Icons\Cache0000.bin_0982.bmp,Icons
./bitmaps_textlabel\Icons\Cache0000.bin_0984.bmp,Icons
./bitmaps_textlabel\Icons\Cache0000.bin_0987.bmp,Icons
./bitmaps_textlabel\Icons\Cache0000.bin_0988.bmp,Icons
./bitmaps_textlabel\Icons\Cache0000.bin_0992.bmp,Icons
./bitmaps_textlabel\Icons\Cache0000.bin_0993.bmp,Icons
./bitmaps_textlabel\Icons\Cache0000.bin_0997.bmp,Icons
./bitmaps_textlabel\Icons\Cache0000.bin_1008.bmp,Icons
./bitmaps_textlabel\Icons\Cache0000.bin_1014.bmp,Icons
./bitmaps_textlabel\Icons\Cache0000.bin_1024.bmp,Icons
./bitmaps_textlabel\Icons\Cache0000.bin_1029.bmp,Icons
./bitmaps_textlabel\Icons\Cache0000.bin_1030.bmp,Icons
./bitmaps_textlabel\Icons\Cache0000.bin_1035.bmp,Icons
./bitmaps_textlabel\Icons\Cache0000.bin_1038.bmp,Icons
./bitmaps_textlabel\Icons\Cache0000.bin_1039.bmp,Icons
./bitmaps_textlabel\Icons\Cache0000.bin_1040.bmp,Icons
./bitmaps_textlabel\Icons\Cache0000.bin_1043.bmp,Icons
./bitmaps_textlabel\Icons\Cache0000.bin_1077.bmp,Icons
./bitmaps_textlabel\Text und Blau\Cache0000.bin_0067.bmp,Text und Blau
./bitmaps_textlabel\Text und Blau\Cache0000.bin_0071.bmp,Text und Blau
./bitmaps_textlabel\Text und Blau\Cache0000.bin_0073.bmp,Text und Blau
./bitmaps_textlabel\Text und Blau\Cache0000.bin_0086.bmp,Text und Blau
./bitmaps_textlabel\Text und Blau\Cache0000.bin_0099.bmp,Text und Blau
./bitmaps_textlabel\Text und Blau\Cache0000.bin_0100.bmp,Text und Blau
./bitmaps_textlabel\Text und Blau\Cache0000.bin_0103.bmp,Text und Blau
./bitmaps_textlabel\Text und Blau\Cache0000.bin_0124.bmp,Text und Blau
./bitmaps_textlabel\Text und Blau\Cache0000.bin_0132.bmp,Text und Blau
./bitmaps_textlabel\Text und Blau\Cache0000.bin_0133.bmp,Text und Blau
./bitmaps_textlabel\Text und Blau\Cache0000.bin_0135.bmp,Text und Blau
./bitmaps_textlabel\Text und Blau\Cache0000.bin_0141.bmp,Text und Blau
./bitmaps_textlabel\Text und Blau\Cache0000.bin_0142.bmp,Text und Blau
./bitmaps_textlabel\Text und Blau\Cache0000.bin_0143.bmp,Text und Blau
./bitmaps_textlabel\Text und Blau\Cache0000.bin_0144.bmp,Text und Blau
./bitmaps_textlabel\Text und Blau\Cache0000.bin_0145.bmp,Text und Blau
./bitmaps_textlabel\Text und Blau\Cache0000.bin_0146.bmp,Text und Blau
./bitmaps_textlabel\Text und Blau\Cache0000.bin_0147.bmp,Text und Blau
./bitmaps_textlabel\Text und Blau\Cache0000.bin_0148.bmp,Text und Blau
./bitmaps_textlabel\Text und Blau\Cache0000.bin_0173.bmp,Text und Blau
./bitmaps_textlabel\Text und Blau\Cache0000.bin_0174.bmp,Text und Blau
./bitmaps_textlabel\Text und Blau\Cache0000.bin_0175.bmp,Text und Blau
./bitmaps_textlabel\Text und Blau\Cache0000.bin_0176.bmp,Text und Blau
./bitmaps_textlabel\Text und Blau\Cache0000.bin_0193.bmp,Text und Blau
./bitmaps_textlabel\Text und Blau\Cache0000.bin_0194.bmp,Text und Blau
./bitmaps_textlabel\Text und Blau\Cache0000.bin_0195.bmp,Text und Blau
./bitmaps_textlabel\Text und Blau\Cache0000.bin_0196.bmp,Text und Blau
./bitmaps_textlabel\Text und Blau\Cache0000.bin_0197.bmp,Text und Blau
./bitmaps_textlabel\Text und Blau\Cache0000.bin_0198.bmp,Text und Blau
./bitmaps_textlabel\Text und Blau\Cache0000.bin_0199.bmp,Text und Blau
./bitmaps_textlabel\Text und Blau\Cache0000.bin_0200.bmp,Text und Blau
./bitmaps_textlabel\Text und Blau\Cache0000.bin_0201.bmp,Text und Blau
./bitmaps_textlabel\Text und Blau\Cache0000.bin_0243.bmp,Text und Blau
./bitmaps_textlabel\Text und Blau\Cache0000.bin_0244.bmp,Text und Blau
./bitmaps_textlabel\Text und Blau\Cache0000.bin_0245.bmp,Text und Blau
./bitmaps_textlabel\Text und Blau\Cache0000.bin_0256.bmp,Text und Blau
./bitmaps_textlabel\Text und Blau\Cache0000.bin_0257.bmp,Text und Blau
./bitmaps_textlabel\Text und Blau\Cache0000.bin_0258.bmp,Text und Blau
./bitmaps_textlabel\Text und Blau\Cache0000.bin_0259.bmp,Text und Blau
./bitmaps_textlabel\Text und Blau\Cache0000.bin_0266.bmp,Text und Blau
./bitmaps_textlabel\Text und Blau\Cache0000.bin_0267.bmp,Text und Blau
./bitmaps_textlabel\Text und Blau\Cache0000.bin_0268.bmp,Text und Blau
./bitmaps_textlabel\Text und Blau\Cache0000.bin_0269.bmp,Text und Blau
./bitmaps_textlabel\Text und Blau\Cache0000.bin_0282.bmp,Text und Blau
./bitmaps_textlabel\Text und Blau\Cache0000.bin_0283.bmp,Text und Blau
./bitmaps_textlabel\Text und Blau\Cache0000.bin_0284.bmp,Text und Blau
./bitmaps_textlabel\Text und Blau\Cache0000.bin_0285.bmp,Text und Blau
./bitmaps_textlabel\Text und Blau\Cache0000.bin_0337.bmp,Text und Blau
./bitmaps_textlabel\Text und Blau\Cache0000.bin_0875.bmp,Text und Blau
./bitmaps_textlabel\Text und Blau\Cache0000.bin_0886.bmp,Text und Blau
./bitmaps_textlabel\Text und Blau\Cache0000.bin_0899.bmp,Text und Blau
./bitmaps_textlabel\Text und Blau\Cache0000.bin_0900.bmp,Text und Blau
./bitmaps_textlabel\Text und Blau\Cache0000.bin_0901.bmp,Text und Blau
./bitmaps_textlabel\Text und Blau\Cache0000.bin_0908.bmp,Text und Blau
./bitmaps_textlabel\Text und Blau\Cache0000.bin_0919.bmp,Text und Blau
./bitmaps_textlabel\Text und Blau\Cache0000.bin_1062.bmp,Text und Blau
./bitmaps_textlabel\Text und Blau\Cache0000.bin_1063.bmp,Text und Blau
./bitmaps_textlabel\Text und Blau\Cache0000.bin_1068.bmp,Text und Blau
./bitmaps_textlabel\Text und Blau\Cache0000.bin_1069.bmp,Text und Blau
./bitmaps_textlabel\Text und Blau\Cache0000.bin_1070.bmp,Text und Blau
./bitmaps_textlabel\Text und Grau\Cache0000.bin_0047.bmp,Text und Grau
./bitmaps_textlabel\Text und Grau\Cache0000.bin_0055.bmp,Text und Grau
./bitmaps_textlabel\Text und Grau\Cache0000.bin_0056.bmp,Text und Grau
./bitmaps_textlabel\Text und Grau\Cache0000.bin_0066.bmp,Text und Grau
./bitmaps_textlabel\Text und Grau\Cache0000.bin_0070.bmp,Text und Grau
./bitmaps_textlabel\Text und Grau\Cache0000.bin_0087.bmp,Text und Grau
./bitmaps_textlabel\Text und Grau\Cache0000.bin_0089.bmp,Text und Grau
./bitmaps_textlabel\Text und Grau\Cache0000.bin_0094.bmp,Text und Grau
./bitmaps_textlabel\Text und Grau\Cache0000.bin_0095.bmp,Text und Grau
./bitmaps_textlabel\Text und Grau\Cache0000.bin_0101.bmp,Text und Grau
./bitmaps_textlabel\Text und Grau\Cache0000.bin_0120.bmp,Text und Grau
./bitmaps_textlabel\Text und Grau\Cache0000.bin_0126.bmp,Text und Grau
./bitmaps_textlabel\Text und Grau\Cache0000.bin_0150.bmp,Text und Grau
./bitmaps_textlabel\Text und Grau\Cache0000.bin_0151.bmp,Text und Grau
./bitmaps_textlabel\Text und Grau\Cache0000.bin_0157.bmp,Text und Grau
./bitmaps_textlabel\Text und Grau\Cache0000.bin_0160.bmp,Text und Grau
./bitmaps_textlabel\Text und Grau\Cache0000.bin_0172.bmp,Text und Grau
./bitmaps_textlabel\Text und Grau\Cache0000.bin_0180.bmp,Text und Grau
./bitmaps_textlabel\Text und Grau\Cache0000.bin_0181.bmp,Text und Grau
./bitmaps_textlabel\Text und Grau\Cache0000.bin_0189.bmp,Text und Grau
./bitmaps_textlabel\Text und Grau\Cache0000.bin_0190.bmp,Text und Grau
./bitmaps_textlabel\Text und Grau\Cache0000.bin_0191.bmp,Text und Grau
./bitmaps_textlabel\Text und Grau\Cache0000.bin_0204.bmp,Text und Grau
./bitmaps_textlabel\Text und Grau\Cache0000.bin_0205.bmp,Text und Grau
./bitmaps_textlabel\Text und Grau\Cache0000.bin_0206.bmp,Text und Grau
./bitmaps_textlabel\Text und Grau\Cache0000.bin_0218.bmp,Text und Grau
./bitmaps_textlabel\Text und Grau\Cache0000.bin_0219.bmp,Text und Grau
./bitmaps_textlabel\Text und Grau\Cache0000.bin_0220.bmp,Text und Grau
./bitmaps_textlabel\Text und Grau\Cache0000.bin_0221.bmp,Text und Grau
./bitmaps_textlabel\Text und Grau\Cache0000.bin_0236.bmp,Text und Grau
./bitmaps_textlabel\Text und Grau\Cache0000.bin_0237.bmp,Text und Grau
./bitmaps_textlabel\Text und Grau\Cache0000.bin_0251.bmp,Text und Grau
./bitmaps_textlabel\Text und Grau\Cache0000.bin_0260.bmp,Text und Grau
./bitmaps_textlabel\Text und Grau\Cache0000.bin_0261.bmp,Text und Grau
./bitmaps_textlabel\Text und Grau\Cache0000.bin_0262.bmp,Text und Grau
./bitmaps_textlabel\Text und Grau\Cache0000.bin_0263.bmp,Text und Grau
./bitmaps_textlabel\Text und Grau\Cache0000.bin_0264.bmp,Text und Grau
./bitmaps_textlabel\Text und Grau\Cache0000.bin_0277.bmp,Text und Grau
./bitmaps_textlabel\Text und Grau\Cache0000.bin_0278.bmp,Text und Grau
./bitmaps_textlabel\Text und Grau\Cache0000.bin_0279.bmp,Text und Grau
./bitmaps_textlabel\Text und Grau\Cache0000.bin_0280.bmp,Text und Grau
./bitmaps_textlabel\Text und Grau\Cache0000.bin_0293.bmp,Text und Grau
./bitmaps_textlabel\Text und Grau\Cache0000.bin_0294.bmp,Text und Grau
./bitmaps_textlabel\Text und Grau\Cache0000.bin_0295.bmp,Text und Grau
./bitmaps_textlabel\Text und Grau\Cache0000.bin_0296.bmp,Text und Grau
./bitmaps_textlabel\Text und Grau\Cache0000.bin_0308.bmp,Text und Grau
./bitmaps_textlabel\Text und Grau\Cache0000.bin_0318.bmp,Text und Grau
./bitmaps_textlabel\Text und Grau\Cache0000.bin_0319.bmp,Text und Grau
./bitmaps_textlabel\Text und Grau\Cache0000.bin_0335.bmp,Text und Grau
./bitmaps_textlabel\Text und Grau\Cache0000.bin_0336.bmp,Text und Grau
./bitmaps_textlabel\Text und Grau\Cache0000.bin_0347.bmp,Text und Grau
./bitmaps_textlabel\Text und Grau\Cache0000.bin_0351.bmp,Text und Grau
./bitmaps_textlabel\Text und Grau\Cache0000.bin_0352.bmp,Text und Grau
./bitmaps_textlabel\Text und Grau\Cache0000.bin_0353.bmp,Text und Grau
./bitmaps_textlabel\Text und Grau\Cache0000.bin_0362.bmp,Text und Grau
./bitmaps_textlabel\Text und Grau\Cache0000.bin_0363.bmp,Text und Grau
./bitmaps_textlabel\Text und Grau\Cache0000.bin_0369.bmp,Text und Grau
./bitmaps_textlabel\Text und Grau\Cache0000.bin_0370.bmp,Text und Grau
./bitmaps_textlabel\Text und Grau\Cache0000.bin_0372.bmp,Text und Grau
./bitmaps_textlabel\Text und Grau\Cache0000.bin_0373.bmp,Text und Grau
./bitmaps_textlabel\Text und Grau\Cache0000.bin_0376.bmp,Text und Grau
./bitmaps_textlabel\Text und Grau\Cache0000.bin_0382.bmp,Text und Grau
./bitmaps_textlabel\Text und Grau\Cache0000.bin_0383.bmp,Text und Grau
./bitmaps_textlabel\Text und Grau\Cache0000.bin_0384.bmp,Text und Grau
./bitmaps_textlabel\Text und Grau\Cache0000.bin_0385.bmp,Text und Grau
./bitmaps_textlabel\Text und Grau\Cache0000.bin_0386.bmp,Text und Grau
./bitmaps_textlabel\Text und Grau\Cache0000.bin_0390.bmp,Text und Grau
./bitmaps_textlabel\Text und Grau\Cache0000.bin_0391.bmp,Text und Grau
./bitmaps_textlabel\Text und Grau\Cache0000.bin_0392.bmp,Text und Grau
./bitmaps_textlabel\Text und Grau\Cache0000.bin_0393.bmp,Text und Grau
./bitmaps_textlabel\Text und Grau\Cache0000.bin_0394.bmp,Text und Grau
./bitmaps_textlabel\Text und Grau\Cache0000.bin_0398.bmp,Text und Grau
./bitmaps_textlabel\Text und Grau\Cache0000.bin_0399.bmp,Text und Grau
./bitmaps_textlabel\Text und Grau\Cache0000.bin_0400.bmp,Text und Grau
./bitmaps_textlabel\Text und Grau\Cache0000.bin_0401.bmp,Text und Grau
./bitmaps_textlabel\Text und Grau\Cache0000.bin_0402.bmp,Text und Grau
./bitmaps_textlabel\Text und Grau\Cache0000.bin_0411.bmp,Text und Grau
./bitmaps_textlabel\Text und Grau\Cache0000.bin_0412.bmp,Text und Grau
./bitmaps_textlabel\Text und Grau\Cache0000.bin_0414.bmp,Text und Grau
./bitmaps_textlabel\Text und Grau\Cache0000.bin_0415.bmp,Text und Grau
./bitmaps_textlabel\Text und Grau\Cache0000.bin_0417.bmp,Text und Grau
./bitmaps_textlabel\Text und Grau\Cache0000.bin_0421.bmp,Text und Grau
./bitmaps_textlabel\Text und Grau\Cache0000.bin_0423.bmp,Text und Grau
./bitmaps_textlabel\Text und Grau\Cache0000.bin_0435.bmp,Text und Grau
./bitmaps_textlabel\Text und Grau\Cache0000.bin_0504.bmp,Text und Grau
./bitmaps_textlabel\Text und Grau\Cache0000.bin_0506.bmp,Text und Grau
./bitmaps_textlabel\Text und Grau\Cache0000.bin_0635.bmp,Text und Grau
./bitmaps_textlabel\Text und Grau\Cache0000.bin_0636.bmp,Text und Grau
./bitmaps_textlabel\Text und Grau\Cache0000.bin_0774.bmp,Text und Grau
./bitmaps_textlabel\Text und Grau\Cache0000.bin_0779.bmp,Text und Grau
./bitmaps_textlabel\Text und Grau\Cache0000.bin_0811.bmp,Text und Grau
./bitmaps_textlabel\Text und Grau\Cache0000.bin_0812.bmp,Text und Grau
./bitmaps_textlabel\Text und Grau\Cache0000.bin_0813.bmp,Text und Grau
./bitmaps_textlabel\Text und Grau\Cache0000.bin_0828.bmp,Text und Grau
./bitmaps_textlabel\Text und Grau\Cache0000.bin_0829.bmp,Text und Grau
./bitmaps_textlabel\Text und Grau\Cache0000.bin_0830.bmp,Text und Grau
./bitmaps_textlabel\Text und Grau\Cache0000.bin_0835.bmp,Text und Grau
./bitmaps_textlabel\Text und Grau\Cache0000.bin_0836.bmp,Text und Grau
./bitmaps_textlabel\Text und Grau\Cache0000.bin_0837.bmp,Text und Grau
./bitmaps_textlabel\Text und Grau\Cache0000.bin_0838.bmp,Text und Grau
./bitmaps_textlabel\Text und Grau\Cache0000.bin_0845.bmp,Text und Grau
./bitmaps_textlabel\Text und Grau\Cache0000.bin_0846.bmp,Text und Grau
./bitmaps_textlabel\Text und Grau\Cache0000.bin_0860.bmp,Text und Grau
./bitmaps_textlabel\Text und Grau\Cache0000.bin_0870.bmp,Text und Grau
./bitmaps_textlabel\Text und Grau\Cache0000.bin_0871.bmp,Text und Grau
./bitmaps_textlabel\Text und Grau\Cache0000.bin_0872.bmp,Text und Grau
./bitmaps_textlabel\Text und Grau\Cache0000.bin_0873.bmp,Text und Grau
./bitmaps_textlabel\Text und Grau\Cache0000.bin_0874.bmp,Text und Grau
./bitmaps_textlabel\Text und Grau\Cache0000.bin_0907.bmp,Text und Grau
./bitmaps_textlabel\Text und Grau\Cache0000.bin_0909.bmp,Text und Grau
./bitmaps_textlabel\Text und Grau\Cache0000.bin_0914.bmp,Text und Grau
./bitmaps_textlabel\Text und Grau\Cache0000.bin_0915.bmp,Text und Grau
./bitmaps_textlabel\Text und Grau\Cache0000.bin_0916.bmp,Text und Grau
./bitmaps_textlabel\Text und Grau\Cache0000.bin_0918.bmp,Text und Grau
./bitmaps_textlabel\Text und Grau\Cache0000.bin_0959.bmp,Text und Grau
./bitmaps_textlabel\Text und Grau\Cache0000.bin_0960.bmp,Text und Grau
./bitmaps_textlabel\Text und Grau\Cache0000.bin_0961.bmp,Text und Grau
./bitmaps_textlabel\Text und Grau\Cache0000.bin_0962.bmp,Text und Grau
./bitmaps_textlabel\Text und Grau\Cache0000.bin_0969.bmp,Text und Grau
./bitmaps_textlabel\Text und Grau\Cache0000.bin_0971.bmp,Text und Grau
./bitmaps_textlabel\Text und Grau\Cache0000.bin_0972.bmp,Text und Grau
./bitmaps_textlabel\Text und Grau\Cache0000.bin_0973.bmp,Text und Grau
./bitmaps_textlabel\Text und Grau\Cache0000.bin_0976.bmp,Text und Grau
./bitmaps_textlabel\Text und Grau\Cache0000.bin_0979.bmp,Text und Grau
./bitmaps_textlabel\Text und Grau\Cache0000.bin_0980.bmp,Text und Grau
./bitmaps_textlabel\Text und Grau\Cache0000.bin_0981.bmp,Text und Grau
./bitmaps_textlabel\Text und Grau\Cache0000.bin_0985.bmp,Text und Grau
./bitmaps_textlabel\Text und Grau\Cache0000.bin_0986.bmp,Text und Grau
./bitmaps_textlabel\Text und Grau\Cache0000.bin_0991.bmp,Text und Grau
./bitmaps_textlabel\Text und Grau\Cache0000.bin_0994.bmp,Text und Grau
./bitmaps_textlabel\Text und Grau\Cache0000.bin_0995.bmp,Text und Grau
./bitmaps_textlabel\Text und Grau\Cache0000.bin_0996.bmp,Text und Grau
./bitmaps_textlabel\Text und Grau\Cache0000.bin_0998.bmp,Text und Grau
./bitmaps_textlabel\Text und Grau\Cache0000.bin_0999.bmp,Text und Grau
./bitmaps_textlabel\Text und Grau\Cache0000.bin_1000.bmp,Text und Grau
./bitmaps_textlabel\Text und Grau\Cache0000.bin_1001.bmp,Text und Grau
./bitmaps_textlabel\Text und Grau\Cache0000.bin_1003.bmp,Text und Grau
./bitmaps_textlabel\Text und Grau\Cache0000.bin_1004.bmp,Text und Grau
./bitmaps_textlabel\Text und Grau\Cache0000.bin_1005.bmp,Text und Grau
./bitmaps_textlabel\Text und Grau\Cache0000.bin_1006.bmp,Text und Grau
./bitmaps_textlabel\Text und Grau\Cache0000.bin_1007.bmp,Text und Grau
./bitmaps_textlabel\Text und Grau\Cache0000.bin_1009.bmp,Text und Grau
./bitmaps_textlabel\Text und Grau\Cache0000.bin_1010.bmp,Text und Grau
./bitmaps_textlabel\Text und Grau\Cache0000.bin_1011.bmp,Text und Grau
./bitmaps_textlabel\Text und Grau\Cache0000.bin_1012.bmp,Text und Grau
./bitmaps_textlabel\Text und Grau\Cache0000.bin_1013.bmp,Text und Grau
./bitmaps_textlabel\Text und Grau\Cache0000.bin_1015.bmp,Text und Grau
./bitmaps_textlabel\Text und Grau\Cache0000.bin_1016.bmp,Text und Grau
./bitmaps_textlabel\Text und Grau\Cache0000.bin_1017.bmp,Text und Grau
./bitmaps_textlabel\Text und Grau\Cache0000.bin_1018.bmp,Text und Grau
./bitmaps_textlabel\Text und Grau\Cache0000.bin_1019.bmp,Text und Grau
./bitmaps_textlabel\Text und Grau\Cache0000.bin_1020.bmp,Text und Grau
./bitmaps_textlabel\Text und Grau\Cache0000.bin_1022.bmp,Text und Grau
./bitmaps_textlabel\Text und Grau\Cache0000.bin_1025.bmp,Text und Grau
./bitmaps_textlabel\Text und Grau\Cache0000.bin_1026.bmp,Text und Grau
./bitmaps_textlabel\Text und Grau\Cache0000.bin_1027.bmp,Text und Grau
./bitmaps_textlabel\Text und Grau\Cache0000.bin_1028.bmp,Text und Grau
./bitmaps_textlabel\Text und Grau\Cache0000.bin_1032.bmp,Text und Grau
./bitmaps_textlabel\Text und Grau\Cache0000.bin_1034.bmp,Text und Grau
./bitmaps_textlabel\Text und Grau\Cache0000.bin_1036.bmp,Text und Grau
./bitmaps_textlabel\Text und Grau\Cache0000.bin_1037.bmp,Text und Grau
./bitmaps_textlabel\Text und Grau\Cache0000.bin_1041.bmp,Text und Grau
./bitmaps_textlabel\Text und Grau\Cache0000.bin_1042.bmp,Text und Grau
./bitmaps_textlabel\Text und Grau\Cache0000.bin_1045.bmp,Text und Grau
./bitmaps_textlabel\Text und Grau\Cache0000.bin_1046.bmp,Text und Grau
./bitmaps_textlabel\Text und Grau\Cache0000.bin_1047.bmp,Text und Grau
./bitmaps_textlabel\Text und Grau\Cache0000.bin_1051.bmp,Text und Grau
./bitmaps_textlabel\Text und Grau\Cache0000.bin_1052.bmp,Text und Grau
./bitmaps_textlabel\Text und Grau\Cache0000.bin_1053.bmp,Text und Grau
./bitmaps_textlabel\Text und Grau\Cache0000.bin_1054.bmp,Text und Grau
./bitmaps_textlabel\Text und Grau\Cache0000.bin_1055.bmp,Text und Grau
./bitmaps_textlabel\Text und Grau\Cache0000.bin_1085.bmp,Text und Grau
./bitmaps_textlabel\Text und Grau\Cache0000.bin_1090.bmp,Text und Grau
./bitmaps_textlabel\Text und Grau\Cache0000.bin_1091.bmp,Text und Grau
./bitmaps_textlabel\Text und Schwarz\Cache0000.bin_0106.bmp,Text und Schwarz
./bitmaps_textlabel\Text und Schwarz\Cache0000.bin_0137.bmp,Text und Schwarz
./bitmaps_textlabel\Text und Schwarz\Cache0000.bin_0183.bmp,Text und Schwarz
./bitmaps_textlabel\Text und Schwarz\Cache0000.bin_0184.bmp,Text und Schwarz
./bitmaps_textlabel\Text und Schwarz\Cache0000.bin_0185.bmp,Text und Schwarz
./bitmaps_textlabel\Text und Schwarz\Cache0000.bin_0186.bmp,Text und Schwarz
./bitmaps_textlabel\Text und Schwarz\Cache0000.bin_0208.bmp,Text und Schwarz
./bitmaps_textlabel\Text und Schwarz\Cache0000.bin_0209.bmp,Text und Schwarz
./bitmaps_textlabel\Text und Schwarz\Cache0000.bin_0210.bmp,Text und Schwarz
./bitmaps_textlabel\Text und Schwarz\Cache0000.bin_0211.bmp,Text und Schwarz
./bitmaps_textlabel\Text und Schwarz\Cache0000.bin_0212.bmp,Text und Schwarz
./bitmaps_textlabel\Text und Schwarz\Cache0000.bin_0213.bmp,Text und Schwarz
./bitmaps_textlabel\Text und Schwarz\Cache0000.bin_0214.bmp,Text und Schwarz
./bitmaps_textlabel\Text und Schwarz\Cache0000.bin_0215.bmp,Text und Schwarz
./bitmaps_textlabel\Text und Schwarz\Cache0000.bin_0216.bmp,Text und Schwarz
./bitmaps_textlabel\Text und Schwarz\Cache0000.bin_0223.bmp,Text und Schwarz
./bitmaps_textlabel\Text und Schwarz\Cache0000.bin_0224.bmp,Text und Schwarz
./bitmaps_textlabel\Text und Schwarz\Cache0000.bin_0225.bmp,Text und Schwarz
./bitmaps_textlabel\Text und Schwarz\Cache0000.bin_0226.bmp,Text und Schwarz
./bitmaps_textlabel\Text und Schwarz\Cache0000.bin_0227.bmp,Text und Schwarz
./bitmaps_textlabel\Text und Schwarz\Cache0000.bin_0228.bmp,Text und Schwarz
./bitmaps_textlabel\Text und Schwarz\Cache0000.bin_0229.bmp,Text und Schwarz
./bitmaps_textlabel\Text und Schwarz\Cache0000.bin_0230.bmp,Text und Schwarz
./bitmaps_textlabel\Text und Schwarz\Cache0000.bin_0231.bmp,Text und Schwarz
./bitmaps_textlabel\Text und Schwarz\Cache0000.bin_0232.bmp,Text und Schwarz
./bitmaps_textlabel\Text und Schwarz\Cache0000.bin_0253.bmp,Text und Schwarz
./bitmaps_textlabel\Text und Schwarz\Cache0000.bin_0254.bmp,Text und Schwarz
./bitmaps_textlabel\Text und Schwarz\Cache0000.bin_0255.bmp,Text und Schwarz
./bitmaps_textlabel\Text und Schwarz\Cache0000.bin_0270.bmp,Text und Schwarz
./bitmaps_textlabel\Text und Schwarz\Cache0000.bin_0271.bmp,Text und Schwarz
./bitmaps_textlabel\Text und Schwarz\Cache0000.bin_0272.bmp,Text und Schwarz
./bitmaps_textlabel\Text und Schwarz\Cache0000.bin_0273.bmp,Text und Schwarz
./bitmaps_textlabel\Text und Schwarz\Cache0000.bin_0274.bmp,Text und Schwarz
./bitmaps_textlabel\Text und Schwarz\Cache0000.bin_0286.bmp,Text und Schwarz
./bitmaps_textlabel\Text und Schwarz\Cache0000.bin_0287.bmp,Text und Schwarz
./bitmaps_textlabel\Text und Schwarz\Cache0000.bin_0288.bmp,Text und Schwarz
./bitmaps_textlabel\Text und Schwarz\Cache0000.bin_0289.bmp,Text und Schwarz
./bitmaps_textlabel\Text und Schwarz\Cache0000.bin_0290.bmp,Text und Schwarz
./bitmaps_textlabel\Text und Schwarz\Cache0000.bin_0301.bmp,Text und Schwarz
./bitmaps_textlabel\Text und Schwarz\Cache0000.bin_0311.bmp,Text und Schwarz
./bitmaps_textlabel\Text und Schwarz\Cache0000.bin_0312.bmp,Text und Schwarz
./bitmaps_textlabel\Text und Schwarz\Cache0000.bin_0313.bmp,Text und Schwarz
./bitmaps_textlabel\Text und Schwarz\Cache0000.bin_0314.bmp,Text und Schwarz
./bitmaps_textlabel\Text und Schwarz\Cache0000.bin_0321.bmp,Text und Schwarz
./bitmaps_textlabel\Text und Schwarz\Cache0000.bin_0322.bmp,Text und Schwarz
./bitmaps_textlabel\Text und Schwarz\Cache0000.bin_0323.bmp,Text und Schwarz
./bitmaps_textlabel\Text und Schwarz\Cache0000.bin_0324.bmp,Text und Schwarz
./bitmaps_textlabel\Text und Schwarz\Cache0000.bin_0325.bmp,Text und Schwarz
./bitmaps_textlabel\Text und Schwarz\Cache0000.bin_0326.bmp,Text und Schwarz
./bitmaps_textlabel\Text und Schwarz\Cache0000.bin_0327.bmp,Text und Schwarz
./bitmaps_textlabel\Text und Schwarz\Cache0000.bin_0328.bmp,Text und Schwarz
./bitmaps_textlabel\Text und Schwarz\Cache0000.bin_0329.bmp,Text und Schwarz
./bitmaps_textlabel\Text und Schwarz\Cache0000.bin_0330.bmp,Text und Schwarz
./bitmaps_textlabel\Text und Schwarz\Cache0000.bin_0338.bmp,Text und Schwarz
./bitmaps_textlabel\Text und Schwarz\Cache0000.bin_0339.bmp,Text und Schwarz
./bitmaps_textlabel\Text und Schwarz\Cache0000.bin_0340.bmp,Text und Schwarz
./bitmaps_textlabel\Text und Schwarz\Cache0000.bin_0341.bmp,Text und Schwarz
./bitmaps_textlabel\Text und Schwarz\Cache0000.bin_0342.bmp,Text und Schwarz
./bitmaps_textlabel\Text und Schwarz\Cache0000.bin_0343.bmp,Text und Schwarz
./bitmaps_textlabel\Text und Schwarz\Cache0000.bin_0344.bmp,Text und Schwarz
./bitmaps_textlabel\Text und Schwarz\Cache0000.bin_0345.bmp,Text und Schwarz
./bitmaps_textlabel\Text und Schwarz\Cache0000.bin_0346.bmp,Text und Schwarz
./bitmaps_textlabel\Text und Schwarz\Cache0000.bin_0354.bmp,Text und Schwarz
./bitmaps_textlabel\Text und Schwarz\Cache0000.bin_0355.bmp,Text und Schwarz
./bitmaps_textlabel\Text und Schwarz\Cache0000.bin_0356.bmp,Text und Schwarz
./bitmaps_textlabel\Text und Schwarz\Cache0000.bin_0357.bmp,Text und Schwarz
./bitmaps_textlabel\Text und Schwarz\Cache0000.bin_0358.bmp,Text und Schwarz
./bitmaps_textlabel\Text und Schwarz\Cache0000.bin_0426.bmp,Text und Schwarz
./bitmaps_textlabel\Text und Schwarz\Cache0000.bin_0439.bmp,Text und Schwarz
./bitmaps_textlabel\Text und Schwarz\Cache0000.bin_0440.bmp,Text und Schwarz
./bitmaps_textlabel\Text und Schwarz\Cache0000.bin_0444.bmp,Text und Schwarz
./bitmaps_textlabel\Text und Schwarz\Cache0000.bin_0446.bmp,Text und Schwarz
./bitmaps_textlabel\Text und Schwarz\Cache0000.bin_0448.bmp,Text und Schwarz
./bitmaps_textlabel\Text und Schwarz\Cache0000.bin_0451.bmp,Text und Schwarz
./bitmaps_textlabel\Text und Schwarz\Cache0000.bin_0453.bmp,Text und Schwarz
./bitmaps_textlabel\Text und Schwarz\Cache0000.bin_0455.bmp,Text und Schwarz
./bitmaps_textlabel\Text und Schwarz\Cache0000.bin_0458.bmp,Text und Schwarz
./bitmaps_textlabel\Text und Schwarz\Cache0000.bin_0460.bmp,Text und Schwarz
./bitmaps_textlabel\Text und Schwarz\Cache0000.bin_0462.bmp,Text und Schwarz
./bitmaps_textlabel\Text und Schwarz\Cache0000.bin_0467.bmp,Text und Schwarz
./bitmaps_textlabel\Text und Schwarz\Cache0000.bin_0470.bmp,Text und Schwarz
./bitmaps_textlabel\Text und Schwarz\Cache0000.bin_0477.bmp,Text und Schwarz
./bitmaps_textlabel\Text und Schwarz\Cache0000.bin_0486.bmp,Text und Schwarz
./bitmaps_textlabel\Text und Schwarz\Cache0000.bin_0488.bmp,Text und Schwarz
./bitmaps_textlabel\Text und Schwarz\Cache0000.bin_0495.bmp,Text und Schwarz
./bitmaps_textlabel\Text und Schwarz\Cache0000.bin_0511.bmp,Text und Schwarz
./bitmaps_textlabel\Text und Schwarz\Cache0000.bin_0513.bmp,Text und Schwarz
./bitmaps_textlabel\Text und Schwarz\Cache0000.bin_0515.bmp,Text und Schwarz
./bitmaps_textlabel\Text und Schwarz\Cache0000.bin_0522.bmp,Text und Schwarz
./bitmaps_textlabel\Text und Schwarz\Cache0000.bin_0524.bmp,Text und Schwarz
./bitmaps_textlabel\Text und Schwarz\Cache0000.bin_0528.bmp,Text und Schwarz
./bitmaps_textlabel\Text und Schwarz\Cache0000.bin_0529.bmp,Text und Schwarz
./bitmaps_textlabel\Text und Schwarz\Cache0000.bin_0530.bmp,Text und Schwarz
./bitmaps_textlabel\Text und Schwarz\Cache0000.bin_0531.bmp,Text und Schwarz
./bitmaps_textlabel\Text und Schwarz\Cache0000.bin_0533.bmp,Text und Schwarz
./bitmaps_textlabel\Text und Schwarz\Cache0000.bin_0540.bmp,Text und Schwarz
./bitmaps_textlabel\Text und Schwarz\Cache0000.bin_0544.bmp,Text und Schwarz
./bitmaps_textlabel\Text und Schwarz\Cache0000.bin_0545.bmp,Text und Schwarz
./bitmaps_textlabel\Text und Schwarz\Cache0000.bin_0546.bmp,Text und Schwarz
./bitmaps_textlabel\Text und Schwarz\Cache0000.bin_0547.bmp,Text und Schwarz
./bitmaps_textlabel\Text und Schwarz\Cache0000.bin_0548.bmp,Text und Schwarz
./bitmaps_textlabel\Text und Schwarz\Cache0000.bin_0549.bmp,Text und Schwarz
./bitmaps_textlabel\Text und Schwarz\Cache0000.bin_0550.bmp,Text und Schwarz
./bitmaps_textlabel\Text und Schwarz\Cache0000.bin_0561.bmp,Text und Schwarz
./bitmaps_textlabel\Text und Schwarz\Cache0000.bin_0562.bmp,Text und Schwarz
./bitmaps_textlabel\Text und Schwarz\Cache0000.bin_0563.bmp,Text und Schwarz
./bitmaps_textlabel\Text und Schwarz\Cache0000.bin_0564.bmp,Text und Schwarz
./bitmaps_textlabel\Text und Schwarz\Cache0000.bin_0565.bmp,Text und Schwarz
./bitmaps_textlabel\Text und Schwarz\Cache0000.bin_0566.bmp,Text und Schwarz
./bitmaps_textlabel\Text und Schwarz\Cache0000.bin_0567.bmp,Text und Schwarz
./bitmaps_textlabel\Text und Schwarz\Cache0000.bin_0568.bmp,Text und Schwarz
./bitmaps_textlabel\Text und Schwarz\Cache0000.bin_0569.bmp,Text und Schwarz
./bitmaps_textlabel\Text und Schwarz\Cache0000.bin_0570.bmp,Text und Schwarz
./bitmaps_textlabel\Text und Schwarz\Cache0000.bin_0571.bmp,Text und Schwarz
./bitmaps_textlabel\Text und Schwarz\Cache0000.bin_0572.bmp,Text und Schwarz
./bitmaps_textlabel\Text und Schwarz\Cache0000.bin_0573.bmp,Text und Schwarz
./bitmaps_textlabel\Text und Schwarz\Cache0000.bin_0574.bmp,Text und Schwarz
./bitmaps_textlabel\Text und Schwarz\Cache0000.bin_0575.bmp,Text und Schwarz
./bitmaps_textlabel\Text und Schwarz\Cache0000.bin_0576.bmp,Text und Schwarz
./bitmaps_textlabel\Text und Schwarz\Cache0000.bin_0577.bmp,Text und Schwarz
./bitmaps_textlabel\Text und Schwarz\Cache0000.bin_0578.bmp,Text und Schwarz
./bitmaps_textlabel\Text und Schwarz\Cache0000.bin_0579.bmp,Text und Schwarz
./bitmaps_textlabel\Text und Schwarz\Cache0000.bin_0580.bmp,Text und Schwarz
./bitmaps_textlabel\Text und Schwarz\Cache0000.bin_0593.bmp,Text und Schwarz
./bitmaps_textlabel\Text und Schwarz\Cache0000.bin_0594.bmp,Text und Schwarz
./bitmaps_textlabel\Text und Schwarz\Cache0000.bin_0595.bmp,Text und Schwarz
./bitmaps_textlabel\Text und Schwarz\Cache0000.bin_0596.bmp,Text und Schwarz
./bitmaps_textlabel\Text und Schwarz\Cache0000.bin_0597.bmp,Text und Schwarz
./bitmaps_textlabel\Text und Schwarz\Cache0000.bin_0598.bmp,Text und Schwarz
./bitmaps_textlabel\Text und Schwarz\Cache0000.bin_0599.bmp,Text und Schwarz
./bitmaps_textlabel\Text und Schwarz\Cache0000.bin_0600.bmp,Text und Schwarz
./bitmaps_textlabel\Text und Schwarz\Cache0000.bin_0601.bmp,Text und Schwarz
./bitmaps_textlabel\Text und Schwarz\Cache0000.bin_0602.bmp,Text und Schwarz
./bitmaps_textlabel\Text und Schwarz\Cache0000.bin_0603.bmp,Text und Schwarz
./bitmaps_textlabel\Text und Schwarz\Cache0000.bin_0606.bmp,Text und Schwarz
./bitmaps_textlabel\Text und Schwarz\Cache0000.bin_0607.bmp,Text und Schwarz
./bitmaps_textlabel\Text und Schwarz\Cache0000.bin_0626.bmp,Text und Schwarz
./bitmaps_textlabel\Text und Schwarz\Cache0000.bin_0627.bmp,Text und Schwarz
./bitmaps_textlabel\Text und Schwarz\Cache0000.bin_0628.bmp,Text und Schwarz
./bitmaps_textlabel\Text und Schwarz\Cache0000.bin_0640.bmp,Text und Schwarz
./bitmaps_textlabel\Text und Schwarz\Cache0000.bin_0642.bmp,Text und Schwarz
./bitmaps_textlabel\Text und Schwarz\Cache0000.bin_0718.bmp,Text und Schwarz
./bitmaps_textlabel\Text und Schwarz\Cache0000.bin_0748.bmp,Text und Schwarz
./bitmaps_textlabel\Text und Schwarz\Cache0000.bin_0749.bmp,Text und Schwarz
./bitmaps_textlabel\Text und Schwarz\Cache0000.bin_0750.bmp,Text und Schwarz
./bitmaps_textlabel\Text und Schwarz\Cache0000.bin_0761.bmp,Text und Schwarz
./bitmaps_textlabel\Text und Schwarz\Cache0000.bin_0768.bmp,Text und Schwarz
./bitmaps_textlabel\Text und Schwarz\Cache0000.bin_0777.bmp,Text und Schwarz
./bitmaps_textlabel\Text und Schwarz\Cache0000.bin_0778.bmp,Text und Schwarz
./bitmaps_textlabel\Text und Schwarz\Cache0000.bin_0781.bmp,Text und Schwarz
./bitmaps_textlabel\Text und Schwarz\Cache0000.bin_0782.bmp,Text und Schwarz
./bitmaps_textlabel\Text und Schwarz\Cache0000.bin_0783.bmp,Text und Schwarz
./bitmaps_textlabel\Text und Schwarz\Cache0000.bin_0839.bmp,Text und Schwarz
./bitmaps_textlabel\Text und Schwarz\Cache0000.bin_0848.bmp,Text und Schwarz
./bitmaps_textlabel\Text und Schwarz\Cache0000.bin_0849.bmp,Text und Schwarz
./bitmaps_textlabel\Text und Schwarz\Cache0000.bin_0850.bmp,Text und Schwarz
./bitmaps_textlabel\Text und Schwarz\Cache0000.bin_0853.bmp,Text und Schwarz
./bitmaps_textlabel\Text und Schwarz\Cache0000.bin_0854.bmp,Text und Schwarz
./bitmaps_textlabel\Text und Schwarz\Cache0000.bin_0855.bmp,Text und Schwarz
./bitmaps_textlabel\Text und Schwarz\Cache0000.bin_0861.bmp,Text und Schwarz
./bitmaps_textlabel\Text und Schwarz\Cache0000.bin_0863.bmp,Text und Schwarz
./bitmaps_textlabel\Text und Schwarz\Cache0000.bin_0920.bmp,Text und Schwarz
./bitmaps_textlabel\Text und Schwarz\Cache0000.bin_0931.bmp,Text und Schwarz
./bitmaps_textlabel\Text und Schwarz\Cache0000.bin_0932.bmp,Text und Schwarz
./bitmaps_textlabel\Text und Schwarz\Cache0000.bin_0933.bmp,Text und Schwarz
./bitmaps_textlabel\Text und Schwarz\Cache0000.bin_0934.bmp,Text und Schwarz
./bitmaps_textlabel\Text und Schwarz\Cache0000.bin_0935.bmp,Text und Schwarz
./bitmaps_textlabel\Text und Schwarz\Cache0000.bin_0936.bmp,Text und Schwarz
./bitmaps_textlabel\Text und Schwarz\Cache0000.bin_0939.bmp,Text und Schwarz
./bitmaps_textlabel\Text und Schwarz\Cache0000.bin_0940.bmp,Text und Schwarz
./bitmaps_textlabel\Text und Schwarz\Cache0000.bin_0941.bmp,Text und Schwarz
./bitmaps_textlabel\Text und Schwarz\Cache0000.bin_0942.bmp,Text und Schwarz
./bitmaps_textlabel\Text und Schwarz\Cache0000.bin_0943.bmp,Text und Schwarz
./bitmaps_textlabel\Text und Schwarz\Cache0000.bin_0944.bmp,Text und Schwarz
./bitmaps_textlabel\Text und Schwarz\Cache0000.bin_0945.bmp,Text und Schwarz
./bitmaps_textlabel\Text und Schwarz\Cache0000.bin_0946.bmp,Text und Schwarz
./bitmaps_textlabel\Text und Schwarz\Cache0000.bin_0947.bmp,Text und Schwarz
./bitmaps_textlabel\Text und Schwarz\Cache0000.bin_0948.bmp,Text und Schwarz
./bitmaps_textlabel\Text und Schwarz\Cache0000.bin_0949.bmp,Text und Schwarz
./bitmaps_textlabel\Text und Schwarz\Cache0000.bin_0950.bmp,Text und Schwarz
./bitmaps_textlabel\Text und Schwarz\Cache0000.bin_0951.bmp,Text und Schwarz
./bitmaps_textlabel\Text und Schwarz\Cache0000.bin_0952.bmp,Text und Schwarz
./bitmaps_textlabel\Text und Schwarz\Cache0000.bin_0953.bmp,Text und Schwarz
./bitmaps_textlabel\Text und Schwarz\Cache0000.bin_0954.bmp,Text und Schwarz
./bitmaps_textlabel\Text und Schwarz\Cache0000.bin_1126.bmp,Text und Schwarz
./bitmaps_textlabel\Text und Schwarz\Cache0000.bin_1127.bmp,Text und Schwarz
./bitmaps_textlabel\Text und Schwarz\Cache0000.bin_1128.bmp,Text und Schwarz
./bitmaps_textlabel\Text und Schwarz\Cache0000.bin_1129.bmp,Text und Schwarz
./bitmaps_textlabel\Text und Schwarz\Cache0000.bin_1130.bmp,Text und Schwarz
./bitmaps_textlabel\Text und Schwarz\Cache0000.bin_1131.bmp,Text und Schwarz
./bitmaps_textlabel\Text und Schwarz\Cache0000.bin_1132.bmp,Text und Schwarz
./bitmaps_textlabel\Text und Schwarz\Cache0000.bin_1133.bmp,Text und Schwarz
./bitmaps_textlabel\Text und Schwarz\Cache0000.bin_1134.bmp,Text und Schwarz
./bitmaps_textlabel\Text und Schwarz\Cache0000.bin_1135.bmp,Text und Schwarz
./bitmaps_textlabel\Text und Schwarz\Cache0000.bin_1136.bmp,Text und Schwarz
./bitmaps_textlabel\Text und Schwarz\Cache0000.bin_1137.bmp,Text und Schwarz
./bitmaps_textlabel\Text und Schwarz\Cache0000.bin_1138.bmp,Text und Schwarz
./bitmaps_textlabel\Text und Schwarz\Cache0000.bin_1139.bmp,Text und Schwarz
./bitmaps_textlabel\Text und Schwarz\Cache0000.bin_1140.bmp,Text und Schwarz
./bitmaps_textlabel\Text und Schwarz\Cache0000.bin_1141.bmp,Text und Schwarz
./bitmaps_textlabel\Text und Schwarz\Cache0000.bin_1142.bmp,Text und Schwarz
